date,label,trend_up,drawdown,vix10,hy_oas,stress,sahm_gap,recession,stress_basis
1998-01-02,BOOM,1,0.0089,27.29,3.02,1,-0.07,0,vix+credit
1998-01-09,STALL,1,0.0570,25.77,3.16,1,-0.07,0,vix+credit
1998-01-16,BOOM,1,0.0226,25.18,3.01,1,-0.07,0,vix+credit
1998-01-23,BOOM,1,0.0266,24.14,2.90,1,-0.07,0,vix+credit
1998-01-30,BOOM,1,0.0053,22.37,2.98,1,-0.07,0,vix+credit
1998-02-06,BOOM,1,0.0000,21.58,2.93,1,-0.07,0,vix+credit
1998-02-13,BOOM,1,0.0040,20.65,2.97,1,-0.03,0,vix+credit
1998-02-20,BOOM,1,0.0000,20.20,2.91,1,-0.03,0,vix+credit
1998-02-27,BOOM,1,0.0000,19.33,2.88,0,-0.03,0,vix+credit
1998-03-06,BOOM,1,0.0000,19.20,2.85,0,-0.03,0,vix+credit
1998-03-13,BOOM,1,0.0012,19.34,2.91,0,0.00,0,vix+credit
1998-03-20,BOOM,1,0.0000,18.74,2.84,0,0.00,0,vix+credit
1998-03-27,BOOM,1,0.0092,20.12,2.73,1,0.00,0,vix+credit
1998-04-03,BOOM,1,0.0000,22.54,2.94,1,0.00,0,vix+credit
1998-04-09,BOOM,1,0.0107,23.03,2.86,1,0.00,0,vix+credit
1998-04-17,BOOM,1,0.0000,22.07,2.85,1,0.00,0,vix+credit
1998-04-24,BOOM,1,0.0200,21.04,2.81,1,0.00,0,vix+credit
1998-05-01,BOOM,1,0.0084,21.59,2.98,1,0.00,0,vix+credit
1998-05-08,BOOM,1,0.0198,22.21,2.95,1,0.00,0,vix+credit
1998-05-15,BOOM,1,0.0193,21.11,2.97,1,-0.10,0,vix+credit
1998-05-22,BOOM,1,0.0178,20.29,3.01,1,-0.10,0,vix+credit
1998-05-29,BOOM,1,0.0351,20.75,3.05,1,-0.10,0,vix+credit
1998-06-05,BOOM,1,0.0148,21.44,3.16,1,-0.10,0,vix+credit
1998-06-12,BOOM,1,0.0280,21.76,3.26,1,-0.07,0,vix+credit
1998-06-19,BOOM,1,0.0264,22.69,3.28,1,-0.07,0,vix+credit
1998-06-26,BOOM,1,0.0000,21.97,3.28,1,-0.07,0,vix+credit
1998-07-02,BOOM,1,0.0019,19.86,3.41,0,-0.07,0,vix+credit
1998-07-10,BOOM,1,0.0018,18.55,3.38,0,-0.07,0,vix+credit
1998-07-17,BOOM,1,0.0000,17.84,3.29,0,-0.07,0,vix+credit
1998-07-24,BOOM,1,0.0387,19.10,3.30,0,-0.07,0,vix+credit
1998-07-31,STALL,1,0.0557,22.44,3.38,1,-0.07,0,vix+credit
1998-08-07,STALL,1,0.0820,26.27,3.55,1,-0.07,0,vix+credit
1998-08-14,DECLINE,1,0.1045,29.56,3.78,1,0.07,0,vix+credit
1998-08-21,STALL,1,0.0889,30.56,4.09,2,0.07,0,vix+credit
1998-08-28,DECLINE,0,0.1345,32.35,4.87,2,0.07,0,vix+credit
1998-09-04,DECLINE,0,0.1794,37.37,5.36,2,0.07,0,vix+credit
1998-09-11,CRISIS,0,0.1497,40.85,5.70,3,0.10,0,vix+credit
1998-09-18,DECLINE,0,0.1404,39.89,5.79,2,0.10,0,vix+credit
1998-09-25,DECLINE,0,0.1197,36.58,5.76,2,0.10,0,vix+credit
1998-10-02,DECLINE,0,0.1552,37.27,6.11,2,0.10,0,vix+credit
1998-10-09,CRISIS,0,0.1705,41.13,6.32,3,0.10,0,vix+credit
1998-10-16,CRISIS,0,0.1098,40.29,6.78,3,0.13,0,vix+credit
1998-10-23,DECLINE,0,0.0978,35.07,6.37,2,0.13,0,vix+credit
1998-10-30,STALL,1,0.0742,31.86,6.36,2,0.13,0,vix+credit
1998-11-06,BOOM,1,0.0385,28.94,5.95,1,0.13,0,vix+credit
1998-11-13,STALL,1,0.0514,27.71,5.73,1,0.13,0,vix+credit
1998-11-20,BOOM,1,0.0195,27.50,5.45,1,0.13,0,vix+credit
1998-11-27,BOOM,1,0.0000,25.03,5.34,1,0.13,0,vix+credit
1998-12-04,BOOM,1,0.0131,24.23,5.53,1,0.13,0,vix+credit
1998-12-11,BOOM,1,0.0217,26.11,5.56,1,0.10,0,vix+credit
1998-12-18,BOOM,1,0.0036,27.44,5.63,1,0.10,0,vix+credit
1998-12-24,BOOM,1,0.0018,25.97,5.39,1,0.10,0,vix+credit
1998-12-31,BOOM,1,0.0101,23.48,5.66,1,0.10,0,vix+credit
1999-01-08,BOOM,1,0.0000,23.65,5.41,1,0.10,0,vix+credit
1999-01-15,BOOM,1,0.0250,26.75,5.62,1,0.03,0,vix+credit
1999-01-22,BOOM,1,0.0391,28.99,5.59,1,0.03,0,vix+credit
1999-01-29,BOOM,1,0.0000,29.44,5.53,1,0.03,0,vix+credit
1999-02-05,BOOM,1,0.0314,28.73,5.36,1,0.03,0,vix+credit
1999-02-12,BOOM,1,0.0387,29.21,5.24,1,-0.03,0,vix+credit
1999-02-19,BOOM,1,0.0316,29.90,5.23,1,-0.03,0,vix+credit
1999-02-26,BOOM,1,0.0323,28.53,5.21,1,-0.03,0,vix+credit
1999-03-05,BOOM,1,0.0033,27.28,5.28,1,-0.03,0,vix+credit
1999-03-12,BOOM,1,0.0024,26.09,5.29,1,-0.03,0,vix+credit
1999-03-19,BOOM,1,0.0131,24.80,5.21,1,0.00,0,vix+credit
1999-03-26,BOOM,1,0.0256,25.16,5.18,1,0.00,0,vix+credit
1999-04-01,BOOM,1,0.0173,24.32,5.11,1,0.00,0,vix+credit
1999-04-09,BOOM,1,0.0000,22.76,5.16,1,0.00,0,vix+credit
1999-04-16,BOOM,1,0.0292,22.94,4.96,1,-0.07,0,vix+credit
1999-04-23,BOOM,1,0.0014,23.76,4.93,1,-0.07,0,vix+credit
1999-04-30,BOOM,1,0.0203,24.16,4.76,1,-0.07,0,vix+credit
1999-05-07,BOOM,1,0.0131,24.92,4.62,1,-0.07,0,vix+credit
1999-05-14,BOOM,1,0.0218,25.80,4.66,1,0.00,0,vix+credit
1999-05-21,BOOM,1,0.0273,25.87,4.77,1,0.00,0,vix+credit
1999-05-28,BOOM,1,0.0481,26.61,4.74,1,0.00,0,vix+credit
1999-06-04,BOOM,1,0.0291,26.45,4.70,1,0.00,0,vix+credit
1999-06-11,STALL,1,0.0541,25.08,4.60,1,-0.07,0,vix+credit
1999-06-18,BOOM,1,0.0181,24.14,4.73,1,-0.07,0,vix+credit
1999-06-25,BOOM,1,0.0382,22.82,4.60,1,-0.07,0,vix+credit
1999-07-02,BOOM,1,0.0000,21.42,4.79,1,-0.07,0,vix+credit
1999-07-09,BOOM,1,0.0000,20.56,4.78,1,-0.07,0,vix+credit
1999-07-16,BOOM,1,0.0000,19.34,4.79,1,0.03,0,vix+credit
1999-07-23,BOOM,1,0.0436,20.42,4.77,1,0.03,0,vix+credit
1999-07-30,STALL,1,0.0635,22.89,4.81,1,0.03,0,vix+credit
1999-08-06,STALL,1,0.0835,25.31,4.74,1,0.03,0,vix+credit
1999-08-13,STALL,1,0.0642,26.17,4.78,1,0.03,0,vix+credit
1999-08-20,STALL,1,0.0579,24.42,4.89,1,0.03,0,vix+credit
1999-08-27,BOOM,1,0.0497,22.43,4.93,1,0.03,0,vix+credit
1999-09-03,BOOM,1,0.0434,22.65,4.99,1,0.03,0,vix+credit
1999-09-10,BOOM,1,0.0473,23.17,5.01,1,0.03,0,vix+credit
1999-09-17,STALL,1,0.0588,23.30,5.07,1,0.03,0,vix+credit
1999-09-24,STALL,0,0.0997,25.03,5.26,1,0.03,0,vix+credit
1999-10-01,STALL,0,0.0958,25.98,5.06,1,0.03,0,vix+credit
1999-10-08,STALL,1,0.0583,24.47,5.00,1,0.03,0,vix+credit
1999-10-15,DECLINE,0,0.1208,23.96,4.94,1,0.00,0,vix+credit
1999-10-22,STALL,0,0.0826,24.85,4.93,1,0.00,0,vix+credit
1999-10-29,BOOM,1,0.0394,23.99,5.17,1,0.00,0,vix+credit
1999-11-05,BOOM,1,0.0342,22.86,5.16,1,0.00,0,vix+credit
1999-11-12,BOOM,1,0.0160,22.36,5.18,1,-0.07,0,vix+credit
1999-11-19,BOOM,1,0.0021,21.39,5.05,1,-0.07,0,vix+credit
1999-11-26,BOOM,1,0.0058,20.85,4.97,1,-0.07,0,vix+credit
1999-12-03,BOOM,1,0.0000,21.38,4.91,1,-0.07,0,vix+credit
1999-12-10,BOOM,1,0.0113,21.67,4.88,1,-0.07,0,vix+credit
1999-12-17,BOOM,1,0.0086,21.57,4.72,1,-0.03,0,vix+credit
1999-12-23,BOOM,1,0.0000,22.15,4.66,1,-0.03,0,vix+credit
1999-12-31,BOOM,1,0.0000,22.99,4.76,1,-0.03,0,vix+credit
2000-01-07,BOOM,1,0.0189,24.36,4.86,1,-0.03,0,vix+credit
2000-01-14,BOOM,1,0.0028,23.35,4.77,1,-0.07,0,vix+credit
2000-01-21,BOOM,1,0.0190,21.59,4.73,1,-0.07,0,vix+credit
2000-01-28,STALL,1,0.0742,22.52,4.80,1,-0.07,0,vix+credit
2000-02-04,BOOM,1,0.0305,23.49,4.87,1,-0.07,0,vix+credit
2000-02-11,STALL,1,0.0559,22.95,4.81,1,-0.03,0,vix+credit
2000-02-18,STALL,0,0.0838,23.44,4.90,1,-0.03,0,vix+credit
2000-02-25,STALL,0,0.0925,24.37,5.07,1,-0.03,0,vix+credit
2000-03-03,BOOM,1,0.0409,23.53,5.13,1,-0.03,0,vix+credit
2000-03-10,STALL,1,0.0505,22.30,5.16,1,-0.03,0,vix+credit
2000-03-17,BOOM,1,0.0033,22.58,5.41,1,0.00,0,vix+credit
2000-03-24,BOOM,1,0.0000,22.45,5.47,1,0.00,0,vix+credit
2000-03-31,BOOM,1,0.0189,23.48,5.75,1,0.00,0,vix+credit
2000-04-07,BOOM,1,0.0073,25.42,5.90,1,0.00,0,vix+credit
2000-04-14,DECLINE,0,0.1119,27.62,5.92,1,0.00,0,vix+credit
2000-04-20,STALL,1,0.0608,27.74,5.85,1,0.00,0,vix+credit
2000-04-28,BOOM,1,0.0491,27.34,5.71,1,0.00,0,vix+credit
2000-05-05,STALL,1,0.0621,27.63,5.73,1,0.00,0,vix+credit
2000-05-12,STALL,1,0.0697,28.51,5.78,1,-0.07,0,vix+credit
2000-05-19,STALL,1,0.0789,26.34,5.89,1,-0.07,0,vix+credit
2000-05-26,DECLINE,0,0.0978,24.78,6.18,2,-0.07,0,vix+credit
2000-06-02,STALL,1,0.0329,24.18,6.21,2,-0.07,0,vix+credit
2000-06-09,STALL,1,0.0462,22.87,6.12,2,-0.07,0,vix+credit
2000-06-16,STALL,1,0.0412,21.98,6.19,2,-0.03,0,vix+credit
2000-06-23,STALL,1,0.0563,21.31,5.99,1,-0.03,0,vix+credit
2000-06-30,STALL,1,0.0477,21.02,6.17,2,-0.03,0,vix+credit
2000-07-07,STALL,1,0.0318,20.73,6.20,2,-0.03,0,vix+credit
2000-07-14,STALL,1,0.0114,20.05,6.06,2,0.00,0,vix+credit
2000-07-21,STALL,1,0.0309,19.66,6.11,2,0.00,0,vix+credit
2000-07-28,DECLINE,0,0.0704,19.62,6.15,2,0.00,0,vix+credit
2000-08-04,STALL,1,0.0422,19.93,6.38,2,0.00,0,vix+credit
2000-08-11,STALL,1,0.0364,19.46,6.33,2,0.07,0,vix+credit
2000-08-18,STALL,1,0.0234,18.31,6.40,2,0.07,0,vix+credit
2000-08-25,STALL,1,0.0138,17.42,6.42,2,0.07,0,vix+credit
2000-09-01,STALL,1,0.0044,17.13,6.48,2,0.07,0,vix+credit
2000-09-08,STALL,1,0.0216,18.05,6.32,2,0.07,0,vix+credit
2000-09-15,STALL,1,0.0404,18.81,6.30,2,0.10,0,vix+credit
2000-09-22,STALL,1,0.0515,19.27,6.50,2,0.10,0,vix+credit
2000-09-29,DECLINE,0,0.0595,20.56,6.72,2,0.10,0,vix+credit
2000-10-06,DECLINE,0,0.0776,21.34,6.87,2,0.10,0,vix+credit
2000-10-13,DECLINE,0,0.1004,24.19,7.31,2,0.07,0,vix+credit
2000-10-20,DECLINE,0,0.0855,26.62,7.59,2,0.07,0,vix+credit
2000-10-27,DECLINE,0,0.0968,26.34,7.62,2,0.07,0,vix+credit
2000-11-03,DECLINE,0,0.0660,25.17,7.75,2,0.07,0,vix+credit
2000-11-10,DECLINE,0,0.1057,25.18,7.85,2,0.03,0,vix+credit
2000-11-17,DECLINE,0,0.1046,26.27,7.99,2,0.03,0,vix+credit
2000-11-24,CRISIS,0,0.1216,26.82,8.36,3,0.03,0,vix+credit
2000-12-01,CRISIS,0,0.1389,27.18,8.98,3,0.03,0,vix+credit
2000-12-08,CRISIS,0,0.1032,26.48,9.09,3,0.03,0,vix+credit
2000-12-15,CRISIS,0,0.1410,24.90,8.88,3,-0.03,0,vix+credit
2000-12-22,CRISIS,0,0.1450,26.72,9.06,3,-0.03,0,vix+credit
2000-12-29,CRISIS,0,0.1356,28.07,9.00,3,-0.03,0,vix+credit
2001-01-05,CRISIS,0,0.1500,27.97,9.12,3,-0.03,0,vix+credit
2001-01-12,CRISIS,0,0.1368,27.41,8.38,3,0.00,0,vix+credit
2001-01-19,CRISIS,0,0.1211,26.05,8.21,3,0.00,0,vix+credit
2001-01-26,CRISIS,0,0.1129,23.34,8.05,3,0.00,0,vix+credit
2001-02-02,DECLINE,0,0.1165,22.29,7.73,2,0.00,0,vix+credit
2001-02-09,DECLINE,0,0.1393,22.01,7.63,2,0.00,0,vix+credit
2001-02-16,DECLINE,0,0.1479,21.65,7.49,2,0.10,0,vix+credit
2001-02-23,DECLINE,0,0.1844,23.36,7.67,2,0.10,0,vix+credit
2001-03-02,DECLINE,0,0.1920,26.23,7.64,2,0.10,0,vix+credit
2001-03-09,DECLINE,0,0.1925,26.28,7.53,2,0.10,0,vix+credit
2001-03-16,CRISIS,0,0.2468,27.30,8.00,3,0.20,0,vix+credit
2001-03-23,CRISIS,0,0.2538,30.19,8.30,3,0.20,0,vix+credit
2001-03-30,CRISIS,0,0.2370,29.84,8.20,3,0.20,0,vix+credit
2001-04-06,CRISIS,0,0.2580,30.41,8.75,3,0.20,0,vix+credit
2001-04-12,CRISIS,0,0.2218,30.62,8.44,3,0.33,0,vix+credit
2001-04-20,CRISIS,0,0.1827,27.32,8.64,3,0.33,0,vix+credit
2001-04-27,CRISIS,0,0.1760,25.96,8.17,3,0.33,0,vix+credit
2001-05-04,DECLINE,0,0.1671,25.76,7.86,2,0.33,0,vix+credit
2001-05-11,DECLINE,0,0.1809,24.48,7.60,2,0.40,0,vix+credit
2001-05-18,DECLINE,0,0.1505,23.38,7.63,2,0.40,0,vix+credit
2001-05-25,DECLINE,0,0.1597,21.79,7.53,2,0.40,0,vix+credit
2001-06-01,DECLINE,0,0.1710,21.57,7.65,2,0.40,0,vix+credit
2001-06-08,DECLINE,0,0.1682,21.07,7.67,2,0.40,0,vix+credit
2001-06-15,CRISIS,0,0.2015,20.97,8.04,3,0.43,0,vix+credit
2001-06-22,CRISIS,0,0.1943,21.54,8.47,3,0.43,0,vix+credit
2001-06-29,CRISIS,0,0.1949,20.84,8.16,3,0.43,0,vix+credit
2001-07-06,CRISIS,0,0.2171,20.12,8.13,3,0.43,0,vix+credit
2001-07-13,CRISIS,0,0.2006,21.14,8.27,3,0.50,0,vix+credit
2001-07-20,CRISIS,0,0.2038,22.69,8.39,3,0.50,0,vix+credit
2001-07-27,CRISIS,0,0.2071,23.20,8.28,3,0.50,0,vix+credit
2001-08-03,BEAR,0,0.2015,22.28,7.92,2,0.50,0,vix+credit
2001-08-10,BEAR,0,0.2174,21.24,7.99,2,0.57,1,vix+credit
2001-08-17,CRISIS,0,0.2359,21.47,8.11,3,0.57,1,vix+credit
2001-08-24,CRISIS,0,0.2208,21.88,8.13,3,0.57,1,vix+credit
2001-08-31,CRISIS,0,0.2546,22.76,8.05,3,0.57,1,vix+credit
2001-09-07,CRISIS,0,0.2735,24.74,8.22,3,0.57,1,vix+credit
2001-09-10,CRISIS,0,0.2664,25.96,8.22,3,0.77,1,vix+credit
2001-09-21,CRISIS,0,0.3384,35.12,9.89,3,0.77,1,vix+credit
2001-09-28,CRISIS,0,0.2862,38.23,10.25,3,0.77,1,vix+credit
2001-10-05,CRISIS,0,0.2541,33.49,10.10,3,0.77,1,vix+credit
2001-10-12,CRISIS,0,0.2378,32.85,9.77,3,0.93,1,vix+credit
2001-10-19,CRISIS,0,0.2505,34.07,9.60,3,0.93,1,vix+credit
2001-10-26,CRISIS,0,0.2287,32.54,9.62,3,0.93,1,vix+credit
2001-11-02,CRISIS,0,0.2409,31.48,9.46,3,0.93,1,vix+credit
2001-11-09,CRISIS,0,0.2178,30.62,9.29,3,0.93,1,vix+credit
2001-11-16,CRISIS,0,0.1807,27.75,8.38,3,1.17,1,vix+credit
2001-11-23,CRISIS,0,0.1665,25.65,8.15,3,1.17,1,vix+credit
2001-11-30,CRISIS,0,0.1744,24.38,8.39,3,1.17,1,vix+credit
2001-12-07,CRISIS,0,0.1608,24.28,8.01,3,1.17,1,vix+credit
2001-12-14,CRISIS,0,0.1863,24.64,8.34,3,1.37,1,vix+credit
2001-12-21,CRISIS,0,0.1666,24.26,8.32,3,1.37,1,vix+credit
2001-12-28,CRISIS,0,0.1548,22.88,8.33,3,1.37,1,vix+credit
2002-01-04,DECLINE,1,0.1465,22.24,7.99,2,1.37,1,vix+credit
2002-01-11,CRISIS,0,0.1661,22.06,8.17,3,1.60,1,vix+credit
2002-01-18,CRISIS,0,0.1792,22.54,8.28,3,1.60,1,vix+credit
2002-01-25,CRISIS,0,0.1750,22.48,8.14,3,1.60,1,vix+credit
2002-02-01,BEAR,0,0.1831,22.11,7.81,2,1.60,1,vix+credit
2002-02-08,CRISIS,0,0.1906,23.57,8.08,3,1.60,1,vix+credit
2002-02-15,CRISIS,0,0.1700,23.32,8.11,3,1.63,1,vix+credit
2002-02-22,CRISIS,0,0.1699,22.54,8.28,3,1.63,1,vix+credit
2002-03-01,BEAR,0,0.1379,22.27,7.99,2,1.63,1,vix+credit
2002-03-08,DECLINE,1,0.1131,20.66,7.34,2,1.63,1,vix+credit
2002-03-15,DECLINE,1,0.1117,19.66,7.18,2,1.60,1,vix+credit
2002-03-22,DECLINE,1,0.1250,18.80,7.08,2,1.60,1,vix+credit
2002-03-28,DECLINE,1,0.1260,18.16,7.11,2,1.60,1,vix+credit
2002-04-05,BEAR,0,0.1448,18.65,7.21,2,1.60,1,vix+credit
2002-04-12,BEAR,0,0.1537,19.40,7.26,2,1.47,1,vix+credit
2002-04-19,BEAR,0,0.1429,19.09,7.14,2,1.47,1,vix+credit
2002-04-26,BEAR,0,0.1802,19.79,7.24,2,1.47,1,vix+credit
2002-05-03,BEAR,0,0.1824,21.02,6.94,2,1.47,1,vix+credit
2002-05-10,BEAR,0,0.1964,21.51,6.97,2,1.47,1,vix+credit
2002-05-17,BEAR,0,0.1571,20.43,7.01,2,1.47,1,vix+credit
2002-05-24,BEAR,0,0.1744,19.15,7.08,2,1.47,1,vix+credit
2002-05-31,BEAR,0,0.1686,19.50,7.28,2,1.47,1,vix+credit
2002-06-07,BEAR,0,0.1995,21.77,7.41,2,1.47,1,vix+credit
2002-06-14,BEAR,0,0.1979,24.08,7.90,2,1.47,1,vix+credit
2002-06-21,CRISIS,0,0.2004,25.29,8.14,3,1.47,1,vix+credit
2002-06-28,CRISIS,0,0.1996,26.46,9.23,3,1.47,1,vix+credit
2002-07-05,CRISIS,0,0.2003,27.48,8.96,3,1.47,1,vix+credit
2002-07-12,CRISIS,0,0.2452,29.74,9.26,3,1.43,1,vix+credit
2002-07-19,CRISIS,0,0.3055,33.98,9.37,3,1.43,1,vix+credit
2002-07-26,CRISIS,0,0.3014,38.18,10.13,3,1.43,1,vix+credit
2002-08-02,CRISIS,0,0.2920,37.49,9.76,3,1.43,1,vix+credit
2002-08-09,CRISIS,0,0.2456,37.10,9.92,3,1.43,1,vix+credit
2002-08-16,CRISIS,0,0.2204,36.10,9.93,3,1.33,1,vix+credit
2002-08-23,CRISIS,0,0.2060,30.70,9.62,3,1.33,1,vix+credit
2002-08-30,CRISIS,0,0.2231,30.31,9.50,3,1.33,1,vix+credit
2002-09-06,CRISIS,0,0.2376,34.15,9.69,3,1.33,1,vix+credit
2002-09-13,CRISIS,0,0.2411,36.49,9.65,3,1.10,1,vix+credit
2002-09-20,CRISIS,0,0.2790,37.16,9.92,3,1.10,1,vix+credit
2002-09-27,CRISIS,0,0.2944,38.10,10.30,3,1.10,1,vix+credit
2002-10-04,CRISIS,0,0.3172,37.65,10.55,3,1.10,1,vix+credit
2002-10-11,CRISIS,0,0.2876,38.65,11.07,3,0.90,1,vix+credit
2002-10-18,CRISIS,0,0.2457,37.27,10.65,3,0.90,1,vix+credit
2002-10-25,CRISIS,0,0.2344,33.81,10.57,3,0.90,1,vix+credit
2002-11-01,CRISIS,0,0.2316,31.94,10.47,3,0.90,1,vix+credit
2002-11-08,CRISIS,0,0.2369,30.86,10.16,3,0.90,1,vix+credit
2002-11-15,CRISIS,0,0.2240,30.20,9.78,3,0.63,1,vix+credit
2002-11-22,CRISIS,0,0.2064,27.58,9.04,3,0.63,1,vix+credit
2002-11-29,CRISIS,0,0.2014,25.88,9.01,3,0.63,1,vix+credit
2002-12-06,CRISIS,0,0.2220,27.16,9.00,3,0.63,1,vix+credit
2002-12-13,CRISIS,0,0.2414,28.65,8.99,3,0.50,1,vix+credit
2002-12-20,CRISIS,0,0.2360,28.09,8.99,3,0.50,1,vix+credit
2002-12-27,CRISIS,0,0.2534,27.59,9.11,3,0.50,1,vix+credit
2003-01-03,CRISIS,0,0.2251,27.48,8.57,3,0.50,1,vix+credit
2003-01-10,BEAR,0,0.2074,26.20,7.92,2,0.37,0,vix+credit
2003-01-17,CRISIS,0,0.2294,24.98,8.10,3,0.37,0,vix+credit
2003-01-24,CRISIS,0,0.2639,26.57,8.21,3,0.37,0,vix+credit
2003-01-31,CRISIS,0,0.2688,30.17,8.29,3,0.37,0,vix+credit
2003-02-07,CRISIS,0,0.2910,32.45,8.39,3,0.37,0,vix+credit
2003-02-14,CRISIS,0,0.2866,33.25,8.62,3,0.27,0,vix+credit
2003-02-21,CRISIS,0,0.2752,32.62,8.42,3,0.27,0,vix+credit
2003-02-28,CRISIS,0,0.2812,31.23,8.38,3,0.27,0,vix+credit
2003-03-07,CRISIS,0,0.2917,31.09,8.34,3,0.27,0,vix+credit
2003-03-14,CRISIS,0,0.2880,31.83,8.17,3,0.20,0,vix+credit
2003-03-21,DECLINE,1,0.2202,31.60,7.69,2,0.20,0,vix+credit
2003-03-28,BEAR,0,0.2469,29.59,7.75,2,0.20,0,vix+credit
2003-04-04,BEAR,0,0.2226,28.59,7.24,2,0.20,0,vix+credit
2003-04-11,BEAR,0,0.2305,27.56,7.21,2,0.17,0,vix+credit
2003-04-17,DECLINE,1,0.2058,25.19,6.97,2,0.17,0,vix+credit
2003-04-25,DECLINE,1,0.1878,21.90,6.68,2,0.17,0,vix+credit
2003-05-02,DECLINE,1,0.1595,20.96,6.26,2,0.17,0,vix+credit
2003-05-09,DECLINE,1,0.1565,20.89,6.53,2,0.17,0,vix+credit
2003-05-16,DECLINE,1,0.1467,20.09,6.63,2,0.23,0,vix+credit
2003-05-23,DECLINE,1,0.1390,19.90,6.87,2,0.23,0,vix+credit
2003-05-30,STALL,1,0.0970,20.03,6.81,2,0.23,0,vix+credit
2003-06-06,STALL,1,0.0476,20.35,6.48,2,0.23,0,vix+credit
2003-06-13,STALL,1,0.0468,20.85,6.46,2,0.30,0,vix+credit
2003-06-20,STALL,1,0.0158,20.30,6.07,2,0.30,0,vix+credit
2003-06-27,STALL,1,0.0350,19.96,6.03,2,0.30,0,vix+credit
2003-07-03,STALL,1,0.0257,19.72,6.11,2,0.30,0,vix+credit
2003-07-11,STALL,1,0.0134,19.27,6.05,2,0.43,0,vix+credit
2003-07-18,BOOM,1,0.0181,19.44,5.76,1,0.43,0,vix+credit
2003-07-25,BOOM,1,0.0128,19.22,5.73,1,0.43,0,vix+credit
2003-08-01,BOOM,1,0.0311,19.01,5.77,1,0.43,0,vix+credit
2003-08-08,STALL,1,0.0337,20.14,6.13,2,0.43,0,vix+credit
2003-08-15,STALL,1,0.0207,19.85,6.07,2,0.50,1,vix+credit
2003-08-22,BOOM,1,0.0184,18.35,5.62,1,0.50,1,vix+credit
2003-08-29,BOOM,1,0.0036,18.55,5.43,1,0.50,1,vix+credit
2003-09-05,BOOM,1,0.0064,18.91,5.42,1,0.50,1,vix+credit
2003-09-12,BOOM,1,0.0126,18.90,5.42,1,0.50,1,vix+credit
2003-09-19,BOOM,1,0.0032,18.56,5.26,1,0.50,1,vix+credit
2003-09-26,BOOM,1,0.0411,19.54,5.45,1,0.50,1,vix+credit
2003-10-03,BOOM,1,0.0094,21.06,5.18,1,0.50,1,vix+credit
2003-10-10,BOOM,1,0.0015,20.11,5.02,1,0.50,1,vix+credit
2003-10-17,BOOM,1,0.0102,18.28,4.68,1,0.43,0,vix+credit
2003-10-24,BOOM,1,0.0202,17.41,4.89,1,0.43,0,vix+credit
2003-10-31,BOOM,1,0.0000,17.04,4.73,1,0.43,0,vix+credit
2003-11-07,BOOM,1,0.0055,16.74,4.52,1,0.43,0,vix+credit
2003-11-14,BOOM,1,0.0082,16.90,4.74,1,0.37,0,vix+credit
2003-11-21,BOOM,1,0.0224,18.03,4.75,1,0.37,0,vix+credit
2003-11-28,BOOM,1,0.0008,17.86,4.46,0,0.37,0,vix+credit
2003-12-05,BOOM,1,0.0081,16.87,4.39,0,0.37,0,vix+credit
2003-12-12,BOOM,1,0.0000,16.82,4.34,0,0.20,0,vix+credit
2003-12-19,BOOM,1,0.0005,16.65,4.33,0,0.20,0,vix+credit
2003-12-26,BOOM,1,0.0001,16.53,4.28,0,0.20,0,vix+credit
2004-01-02,BOOM,1,0.0031,17.14,4.08,0,0.20,0,vix+credit
2004-01-09,BOOM,1,0.0089,17.08,4.01,0,0.20,0,vix+credit
2004-01-16,BOOM,1,0.0000,16.43,3.94,0,-0.03,0,vix+credit
2004-01-23,BOOM,1,0.0053,15.80,3.79,0,-0.03,0,vix+credit
2004-01-30,BOOM,1,0.0210,15.46,4.03,0,-0.03,0,vix+credit
2004-02-06,BOOM,1,0.0109,16.65,4.34,0,-0.03,0,vix+credit
2004-02-13,BOOM,1,0.0103,16.46,4.25,0,-0.10,0,vix+credit
2004-02-20,BOOM,1,0.0118,15.74,4.22,0,-0.10,0,vix+credit
2004-02-27,BOOM,1,0.0111,15.49,4.34,0,-0.10,0,vix+credit
2004-03-05,BOOM,1,0.0008,14.92,4.35,0,-0.10,0,vix+credit
2004-03-12,BOOM,1,0.0321,16.28,4.39,0,-0.07,0,vix+credit
2004-03-19,BOOM,1,0.0414,18.73,4.43,0,-0.07,0,vix+credit
2004-03-26,BOOM,1,0.0429,19.45,4.42,0,-0.07,0,vix+credit
2004-04-02,BOOM,1,0.0138,17.91,4.16,0,-0.07,0,vix+credit
2004-04-08,BOOM,1,0.0159,16.15,4.06,0,-0.07,0,vix+credit
2004-04-16,BOOM,1,0.0200,15.68,3.96,0,0.03,0,vix+credit
2004-04-23,BOOM,1,0.0148,15.51,3.81,0,0.03,0,vix+credit
2004-04-30,BOOM,1,0.0436,15.62,3.91,0,0.03,0,vix+credit
2004-05-07,STALL,1,0.0510,16.40,3.99,0,0.03,0,vix+credit
2004-05-14,STALL,1,0.0536,17.79,4.48,0,0.00,0,vix+credit
2004-05-21,STALL,1,0.0555,18.92,4.32,0,0.00,0,vix+credit
2004-05-28,BOOM,1,0.0320,17.62,4.24,0,0.00,0,vix+credit
2004-06-04,BOOM,1,0.0305,16.55,4.16,0,0.00,0,vix+credit
2004-06-10,BOOM,1,0.0184,15.78,4.06,0,0.00,0,vix+credit
2004-06-18,BOOM,1,0.0196,15.37,4.02,0,0.00,0,vix+credit
2004-06-25,BOOM,1,0.0202,14.96,4.00,0,0.00,0,vix+credit
2004-07-02,BOOM,1,0.0280,14.97,4.17,0,0.00,0,vix+credit
2004-07-09,BOOM,1,0.0388,15.54,4.08,0,0.00,0,vix+credit
2004-07-16,STALL,0,0.0487,15.14,4.02,0,-0.07,0,vix+credit
2004-07-23,STALL,0,0.0618,15.02,3.95,0,-0.07,0,vix+credit
2004-07-30,STALL,0,0.0484,15.90,3.99,0,-0.07,0,vix+credit
2004-08-06,STALL,0,0.0810,16.63,4.19,0,-0.07,0,vix+credit
2004-08-13,STALL,0,0.0803,17.67,4.20,0,-0.03,0,vix+credit
2004-08-20,STALL,0,0.0513,17.52,4.07,0,-0.03,0,vix+credit
2004-08-27,STALL,0,0.0432,15.96,3.97,0,-0.03,0,vix+credit
2004-09-03,BOOM,1,0.0381,14.96,3.89,0,-0.03,0,vix+credit
2004-09-10,BOOM,1,0.0292,14.44,3.88,0,-0.07,0,vix+credit
2004-09-17,BOOM,1,0.0252,13.96,3.83,0,-0.07,0,vix+credit
2004-09-24,STALL,0,0.0412,14.17,3.78,0,-0.07,0,vix+credit
2004-10-01,BOOM,1,0.0227,13.97,3.78,0,-0.07,0,vix+credit
2004-10-08,BOOM,1,0.0308,13.79,3.73,0,-0.07,0,vix+credit
2004-10-15,STALL,0,0.0428,14.68,3.74,0,-0.07,0,vix+credit
2004-10-22,STALL,0,0.0536,15.12,3.78,0,-0.07,0,vix+credit
2004-10-29,BOOM,1,0.0238,15.49,3.56,0,-0.07,0,vix+credit
2004-11-05,BOOM,1,0.0000,15.47,3.29,0,-0.07,0,vix+credit
2004-11-12,BOOM,1,0.0000,14.12,3.31,0,0.00,0,vix+credit
2004-11-19,BOOM,1,0.0117,13.31,3.21,0,0.00,0,vix+credit
2004-11-26,BOOM,1,0.0013,13.07,3.15,0,0.00,0,vix+credit
2004-12-03,BOOM,1,0.0002,13.01,3.20,0,0.00,0,vix+credit
2004-12-10,BOOM,1,0.0028,13.11,3.17,0,0.00,0,vix+credit
2004-12-17,BOOM,1,0.0096,12.75,3.06,0,0.00,0,vix+credit
2004-12-23,BOOM,1,0.0000,12.07,3.05,0,0.00,0,vix+credit
2004-12-31,BOOM,1,0.0013,11.96,3.10,0,0.00,0,vix+credit
2005-01-07,BOOM,1,0.0225,13.08,3.07,0,0.00,0,vix+credit
2005-01-14,BOOM,1,0.0239,13.35,3.22,0,0.00,0,vix+credit
2005-01-21,BOOM,1,0.0376,13.16,3.37,0,0.00,0,vix+credit
2005-01-28,BOOM,1,0.0348,13.49,3.27,0,0.00,0,vix+credit
2005-02-04,BOOM,1,0.0087,12.81,3.19,0,0.00,0,vix+credit
2005-02-11,BOOM,1,0.0068,11.78,3.12,0,-0.07,0,vix+credit
2005-02-18,BOOM,1,0.0099,11.51,2.93,0,-0.07,0,vix+credit
2005-02-25,BOOM,1,0.0018,11.69,2.85,0,-0.07,0,vix+credit
2005-03-04,BOOM,1,0.0000,12.13,2.86,0,-0.07,0,vix+credit
2005-03-11,BOOM,1,0.0206,12.41,2.73,0,-0.07,0,vix+credit
2005-03-18,BOOM,1,0.0291,12.81,2.98,0,0.00,0,vix+credit
2005-03-24,BOOM,1,0.0440,13.36,3.18,0,0.00,0,vix+credit
2005-04-01,BOOM,1,0.0428,13.85,3.55,0,0.00,0,vix+credit
2005-04-08,BOOM,1,0.0360,13.59,3.39,0,0.00,0,vix+credit
2005-04-15,STALL,0,0.0675,13.47,3.89,0,-0.07,0,vix+credit
2005-04-22,STALL,0,0.0597,14.71,3.86,0,-0.07,0,vix+credit
2005-04-29,STALL,1,0.0559,15.48,4.15,0,-0.07,0,vix+credit
2005-05-06,BOOM,1,0.0440,14.81,4.07,0,-0.07,0,vix+credit
2005-05-13,STALL,0,0.0582,14.71,4.39,0,-0.03,0,vix+credit
2005-05-20,BOOM,1,0.0294,14.59,4.33,0,-0.03,0,vix+credit
2005-05-27,BOOM,1,0.0217,13.29,4.02,0,-0.03,0,vix+credit
2005-06-03,BOOM,1,0.0239,12.54,3.90,0,-0.03,0,vix+credit
2005-06-10,BOOM,1,0.0222,12.32,3.91,0,-0.10,0,vix+credit
2005-06-17,BOOM,1,0.0068,11.89,3.81,0,-0.10,0,vix+credit
2005-06-24,BOOM,1,0.0275,11.54,3.93,0,-0.10,0,vix+credit
2005-07-01,BOOM,1,0.0252,11.72,3.75,0,-0.10,0,vix+credit
2005-07-08,BOOM,1,0.0110,11.94,3.67,0,-0.10,0,vix+credit
2005-07-15,BOOM,1,0.0000,11.35,3.43,0,-0.07,0,vix+credit
2005-07-22,BOOM,1,0.0012,10.72,3.39,0,-0.07,0,vix+credit
2005-07-29,BOOM,1,0.0077,10.75,3.25,0,-0.07,0,vix+credit
2005-08-05,BOOM,1,0.0150,11.52,3.29,0,-0.07,0,vix+credit
2005-08-12,BOOM,1,0.0118,12.38,3.42,0,-0.07,0,vix+credit
2005-08-19,BOOM,1,0.0203,12.91,3.39,0,-0.07,0,vix+credit
2005-08-26,BOOM,1,0.0321,13.43,3.34,0,-0.07,0,vix+credit
2005-09-02,BOOM,1,0.0217,13.49,3.70,0,-0.07,0,vix+credit
2005-09-09,BOOM,1,0.0029,13.06,3.59,0,-0.07,0,vix+credit
2005-09-16,BOOM,1,0.0057,12.46,3.54,0,-0.07,0,vix+credit
2005-09-23,BOOM,1,0.0239,12.55,3.71,0,-0.07,0,vix+credit
2005-09-30,BOOM,1,0.0130,12.75,3.54,0,-0.07,0,vix+credit
2005-10-07,STALL,0,0.0395,13.24,3.59,0,-0.07,0,vix+credit
2005-10-14,STALL,0,0.0470,14.85,3.72,0,0.00,0,vix+credit
2005-10-21,STALL,0,0.0526,15.45,3.59,0,0.00,0,vix+credit
2005-10-28,STALL,0,0.0375,14.99,3.58,0,0.00,0,vix+credit
2005-11-04,BOOM,1,0.0200,14.39,3.48,0,0.00,0,vix+credit
2005-11-11,BOOM,1,0.0083,13.23,3.56,0,0.00,0,vix+credit
2005-11-18,BOOM,1,0.0000,12.16,3.69,0,0.00,0,vix+credit
2005-11-25,BOOM,1,0.0000,11.39,3.72,0,0.00,0,vix+credit
2005-12-02,BOOM,1,0.0025,11.24,3.63,0,0.00,0,vix+credit
2005-12-09,BOOM,1,0.0070,11.72,3.60,0,0.00,0,vix+credit
2005-12-16,BOOM,1,0.0043,11.37,3.65,0,0.03,0,vix+credit
2005-12-23,BOOM,1,0.0032,10.84,3.71,0,0.03,0,vix+credit
2005-12-30,BOOM,1,0.0192,11.12,3.65,0,0.03,0,vix+credit
2006-01-06,BOOM,1,0.0000,11.20,3.56,0,0.03,0,vix+credit
2006-01-13,BOOM,1,0.0051,11.22,3.62,0,0.00,0,vix+credit
2006-01-20,BOOM,1,0.0253,11.71,3.60,0,0.00,0,vix+credit
2006-01-27,BOOM,1,0.0081,12.64,3.40,0,0.00,0,vix+credit
2006-02-03,BOOM,1,0.0233,12.84,3.38,0,0.00,0,vix+credit
2006-02-10,BOOM,1,0.0210,12.93,3.35,0,-0.10,0,vix+credit
2006-02-17,BOOM,1,0.0054,12.69,3.30,0,-0.10,0,vix+credit
2006-02-24,BOOM,1,0.0037,12.19,3.28,0,-0.10,0,vix+credit
2006-03-03,BOOM,1,0.0054,11.88,3.29,0,-0.10,0,vix+credit
2006-03-10,BOOM,1,0.0099,12.14,3.30,0,-0.10,0,vix+credit
2006-03-17,BOOM,1,0.0000,11.98,3.31,0,-0.07,0,vix+credit
2006-03-24,BOOM,1,0.0033,11.45,3.23,0,-0.07,0,vix+credit
2006-03-31,BOOM,1,0.0095,11.39,3.13,0,-0.07,0,vix+credit
2006-04-07,BOOM,1,0.0122,11.45,3.06,0,-0.07,0,vix+credit
2006-04-13,BOOM,1,0.0171,11.93,3.05,0,-0.07,0,vix+credit
2006-04-21,BOOM,1,0.0002,12.11,3.04,0,-0.07,0,vix+credit
2006-04-28,BOOM,1,0.0007,11.72,3.00,0,-0.07,0,vix+credit
2006-05-05,BOOM,1,0.0000,11.87,2.96,0,-0.07,0,vix+credit
2006-05-12,BOOM,1,0.0260,12.24,2.88,0,0.00,0,vix+credit
2006-05-19,BOOM,1,0.0443,13.98,3.08,0,0.00,0,vix+credit
2006-05-26,BOOM,1,0.0344,16.05,3.12,0,0.00,0,vix+credit
2006-06-02,BOOM,1,0.0283,16.42,3.22,0,0.00,0,vix+credit
2006-06-09,STALL,0,0.0554,16.65,3.27,0,0.00,0,vix+credit
2006-06-16,STALL,0,0.0560,18.76,3.26,0,-0.07,0,vix+credit
2006-06-23,STALL,0,0.0613,18.12,3.31,0,-0.07,0,vix+credit
2006-06-30,BOOM,1,0.0419,15.57,3.35,0,-0.07,0,vix+credit
2006-07-07,BOOM,1,0.0455,14.46,3.33,0,-0.07,0,vix+credit
2006-07-14,STALL,0,0.0676,14.54,3.44,0,-0.03,0,vix+credit
2006-07-21,STALL,0,0.0645,16.30,3.41,0,-0.03,0,vix+credit
2006-07-28,BOOM,1,0.0356,15.93,3.40,0,-0.03,0,vix+credit
2006-08-04,BOOM,1,0.0350,14.69,3.44,0,-0.03,0,vix+credit
2006-08-11,STALL,0,0.0445,14.76,3.39,0,0.00,0,vix+credit
2006-08-18,BOOM,1,0.0177,13.84,3.41,0,0.00,0,vix+credit
2006-08-25,BOOM,1,0.0231,12.55,3.44,0,0.00,0,vix+credit
2006-09-01,BOOM,1,0.0111,12.25,3.49,0,0.00,0,vix+credit
2006-09-08,BOOM,1,0.0202,12.67,3.42,0,0.00,0,vix+credit
2006-09-15,BOOM,1,0.0046,12.48,3.33,0,0.03,0,vix+credit
2006-09-22,BOOM,1,0.0083,11.94,3.53,0,0.03,0,vix+credit
2006-09-29,BOOM,1,0.0023,11.89,3.42,0,0.03,0,vix+credit
2006-10-06,BOOM,1,0.0027,11.91,3.31,0,0.03,0,vix+credit
2006-10-13,BOOM,1,0.0000,11.69,3.19,0,0.00,0,vix+credit
2006-10-20,BOOM,1,0.0003,11.24,3.17,0,0.00,0,vix+credit
2006-10-27,BOOM,1,0.0085,10.96,3.23,0,0.00,0,vix+credit
2006-11-03,BOOM,1,0.0178,11.03,3.12,0,0.00,0,vix+credit
2006-11-10,BOOM,1,0.0059,11.12,3.15,0,-0.10,0,vix+credit
2006-11-17,BOOM,1,0.0000,10.67,3.06,0,-0.10,0,vix+credit
2006-11-24,BOOM,1,0.0037,10.34,3.15,0,-0.10,0,vix+credit
2006-12-01,BOOM,1,0.0067,10.81,3.21,0,-0.10,0,vix+credit
2006-12-08,BOOM,1,0.0035,11.59,3.00,0,-0.10,0,vix+credit
2006-12-15,BOOM,1,0.0000,11.01,2.98,0,-0.07,0,vix+credit
2006-12-22,BOOM,1,0.0114,10.46,2.93,0,-0.07,0,vix+credit
2006-12-29,BOOM,1,0.0062,10.76,2.82,0,-0.07,0,vix+credit
2007-01-05,BOOM,1,0.0122,11.23,2.93,0,-0.07,0,vix+credit
2007-01-12,BOOM,1,0.0000,11.46,2.80,0,-0.03,0,vix+credit
2007-01-19,BOOM,1,0.0010,11.11,2.70,0,-0.03,0,vix+credit
2007-01-26,BOOM,1,0.0125,10.61,2.59,0,-0.03,0,vix+credit
2007-02-02,BOOM,1,0.0000,10.66,2.67,0,-0.03,0,vix+credit
2007-02-09,BOOM,1,0.0082,10.63,2.59,0,-0.03,0,vix+credit
2007-02-16,BOOM,1,0.0009,10.55,2.57,0,0.07,0,vix+credit
2007-02-23,BOOM,1,0.0058,10.47,2.55,0,0.07,0,vix+credit
2007-03-02,BOOM,1,0.0497,13.05,2.91,0,0.07,0,vix+credit
2007-03-09,BOOM,1,0.0389,15.85,2.75,0,0.07,0,vix+credit
2007-03-16,BOOM,1,0.0498,16.18,2.88,0,0.07,0,vix+credit
2007-03-23,BOOM,1,0.0161,14.85,2.79,0,0.07,0,vix+credit
2007-03-30,BOOM,1,0.0266,13.73,2.80,0,0.07,0,vix+credit
2007-04-05,BOOM,1,0.0109,13.88,2.84,0,0.07,0,vix+credit
2007-04-13,BOOM,1,0.0047,13.33,2.71,0,0.07,0,vix+credit
2007-04-20,BOOM,1,0.0000,12.54,2.68,0,0.07,0,vix+credit
2007-04-27,BOOM,1,0.0009,12.58,2.63,0,0.07,0,vix+credit
2007-05-04,BOOM,1,0.0000,13.14,2.70,0,0.07,0,vix+credit
2007-05-11,BOOM,1,0.0044,13.26,2.63,0,0.03,0,vix+credit
2007-05-18,BOOM,1,0.0000,13.35,2.51,0,0.03,0,vix+credit
2007-05-25,BOOM,1,0.0061,13.48,2.45,0,0.03,0,vix+credit
2007-06-01,BOOM,1,0.0000,13.20,2.41,0,0.03,0,vix+credit
2007-06-08,BOOM,1,0.0205,13.92,2.51,0,0.03,0,vix+credit
2007-06-15,BOOM,1,0.0041,14.74,2.51,0,0.00,0,vix+credit
2007-06-22,BOOM,1,0.0238,14.46,2.69,0,0.00,0,vix+credit
2007-06-29,BOOM,1,0.0233,15.37,2.89,0,0.00,0,vix+credit
2007-07-06,BOOM,1,0.0057,15.91,2.90,0,0.00,0,vix+credit
2007-07-13,BOOM,1,0.0000,15.68,3.06,0,0.07,0,vix+credit
2007-07-20,BOOM,1,0.0122,15.95,3.37,0,0.07,0,vix+credit
2007-07-27,STALL,1,0.0606,17.78,4.28,0,0.07,0,vix+credit
2007-08-03,STALL,0,0.0773,21.28,4.24,1,0.07,0,vix+credit
2007-08-10,STALL,1,0.0640,23.52,4.12,1,0.13,0,vix+credit
2007-08-17,STALL,0,0.0690,26.65,4.48,1,0.13,0,vix+credit
2007-08-24,BOOM,1,0.0475,26.35,4.29,1,0.13,0,vix+credit
2007-08-31,STALL,1,0.0509,23.91,4.55,1,0.13,0,vix+credit
2007-09-07,STALL,0,0.0641,23.96,4.73,1,0.13,0,vix+credit
2007-09-14,BOOM,1,0.0443,24.82,4.58,1,0.20,0,vix+credit
2007-09-21,BOOM,1,0.0176,23.36,4.16,1,0.20,0,vix+credit
2007-09-28,BOOM,1,0.0170,19.69,4.16,0,0.20,0,vix+credit
2007-10-05,BOOM,1,0.0000,18.11,4.02,0,0.20,0,vix+credit
2007-10-12,BOOM,1,0.0021,17.73,3.83,0,0.23,0,vix+credit
2007-10-19,BOOM,1,0.0412,18.61,4.36,0,0.23,0,vix+credit
2007-10-26,BOOM,1,0.0191,20.28,4.39,1,0.23,0,vix+credit
2007-11-02,BOOM,1,0.0355,20.93,4.65,1,0.23,0,vix+credit
2007-11-09,STALL,0,0.0712,23.25,5.02,1,0.23,0,vix+credit
2007-11-16,STALL,0,0.0680,26.15,5.37,1,0.23,0,vix+credit
2007-11-23,STALL,0,0.0795,26.65,5.80,1,0.23,0,vix+credit
2007-11-30,STALL,0,0.0537,25.50,5.75,1,0.23,0,vix+credit
2007-12-07,BOOM,1,0.0386,23.79,5.63,1,0.23,0,vix+credit
2007-12-14,STALL,0,0.0621,22.44,5.54,1,0.27,0,vix+credit
2007-12-21,STALL,0,0.0516,22.05,5.68,1,0.27,0,vix+credit
2007-12-28,STALL,0,0.0554,20.94,5.73,1,0.27,0,vix+credit
2008-01-04,DECLINE,0,0.0981,20.94,6.36,2,0.27,0,vix+credit
2008-01-11,DECLINE,0,0.1049,23.33,6.68,2,0.37,0,vix+credit
2008-01-18,DECLINE,0,0.1533,24.67,7.04,2,0.37,0,vix+credit
2008-01-25,DECLINE,0,0.1499,26.68,6.99,2,0.37,0,vix+credit
2008-02-01,DECLINE,0,0.1084,27.70,6.96,2,0.37,0,vix+credit
2008-02-08,DECLINE,0,0.1494,27.18,7.25,2,0.37,0,vix+credit
2008-02-15,DECLINE,0,0.1375,26.82,7.30,2,0.47,0,vix+credit
2008-02-22,DECLINE,0,0.1355,25.66,7.35,2,0.47,0,vix+credit
2008-02-29,DECLINE,0,0.1498,24.19,7.67,2,0.47,0,vix+credit
2008-03-07,DECLINE,0,0.1736,24.91,7.92,2,0.47,0,vix+credit
2008-03-14,CRISIS,0,0.1770,27.29,8.38,3,0.53,1,vix+credit
2008-03-20,CRISIS,0,0.1506,28.34,8.40,3,0.53,1,vix+credit
2008-03-28,BEAR,0,0.1597,27.48,7.99,2,0.53,1,vix+credit
2008-04-04,BEAR,0,0.1244,24.65,7.76,2,0.53,1,vix+credit
2008-04-11,BEAR,0,0.1484,23.04,7.76,2,0.57,1,vix+credit
2008-04-18,BEAR,0,0.1117,22.07,7.15,2,0.57,1,vix+credit
2008-04-25,BEAR,0,0.1069,20.89,6.84,2,0.57,1,vix+credit
2008-05-02,DECLINE,0,0.0966,19.90,6.64,2,0.57,1,vix+credit
2008-05-09,BEAR,0,0.1130,19.34,6.90,2,0.57,1,vix+credit
2008-05-16,DECLINE,0,0.0893,18.18,6.63,2,0.57,1,vix+credit
2008-05-23,BEAR,0,0.1209,17.70,6.70,2,0.57,1,vix+credit
2008-05-30,BEAR,0,0.1053,18.19,6.57,2,0.57,1,vix+credit
2008-06-06,BEAR,0,0.1306,19.73,6.68,2,0.57,1,vix+credit
2008-06-13,BEAR,0,0.1311,21.80,6.39,2,0.73,1,vix+credit
2008-06-20,BEAR,0,0.1580,22.37,6.70,2,0.73,1,vix+credit
2008-06-27,BEAR,0,0.1832,22.23,7.41,2,0.73,1,vix+credit
2008-07-03,BEAR,0,0.1931,23.47,7.63,2,0.73,1,vix+credit
2008-07-11,BEAR,0,0.2081,24.90,7.88,2,0.83,1,vix+credit
2008-07-18,BEAR,0,0.1945,25.84,7.67,2,0.83,1,vix+credit
2008-07-25,BEAR,0,0.1964,24.31,7.60,2,0.83,1,vix+credit
2008-08-01,CRISIS,0,0.1948,22.49,8.13,3,0.83,1,vix+credit
2008-08-08,CRISIS,0,0.1718,21.96,8.14,3,0.83,1,vix+credit
2008-08-15,CRISIS,0,0.1706,20.94,8.12,3,1.03,1,vix+credit
2008-08-22,CRISIS,0,0.1744,20.41,8.25,3,1.03,1,vix+credit
2008-08-29,CRISIS,0,0.1804,20.26,8.28,3,1.03,1,vix+credit
2008-09-05,CRISIS,0,0.2063,21.06,8.55,3,1.03,1,vix+credit
2008-09-12,CRISIS,0,0.2003,23.38,8.54,3,1.20,1,vix+credit
2008-09-19,CRISIS,0,0.1981,28.61,9.21,3,1.20,1,vix+credit
2008-09-26,CRISIS,0,0.2248,33.57,10.25,3,1.20,1,vix+credit
2008-10-03,CRISIS,0,0.2977,38.86,12.24,3,1.20,1,vix+credit
2008-10-10,CRISIS,0,0.4242,51.34,15.36,3,1.20,1,vix+credit
2008-10-17,CRISIS,0,0.3930,61.44,15.95,3,1.33,1,vix+credit
2008-10-24,CRISIS,0,0.4341,64.00,16.69,3,1.33,1,vix+credit
2008-10-31,CRISIS,0,0.3628,66.24,16.17,3,1.33,1,vix+credit
2008-11-07,CRISIS,0,0.3859,61.55,16.31,3,1.33,1,vix+credit
2008-11-14,CRISIS,0,0.4239,58.98,17.16,3,1.57,1,vix+credit
2008-11-21,CRISIS,0,0.4723,67.86,19.92,3,1.57,1,vix+credit
2008-11-28,CRISIS,0,0.4088,66.67,19.78,3,1.57,1,vix+credit
2008-12-05,CRISIS,0,0.4221,62.42,20.74,3,1.57,1,vix+credit
2008-12-12,CRISIS,0,0.4126,59.90,21.30,3,1.77,1,vix+credit
2008-12-19,CRISIS,0,0.4072,53.44,20.43,3,1.77,1,vix+credit
2008-12-26,CRISIS,0,0.4097,48.27,19.55,3,1.77,1,vix+credit
2009-01-02,CRISIS,0,0.3469,43.42,17.84,3,1.77,1,vix+credit
2009-01-09,CRISIS,0,0.3759,41.45,16.65,3,1.77,1,vix+credit
2009-01-16,CRISIS,0,0.4041,44.18,16.79,3,2.07,1,vix+credit
2009-01-23,CRISIS,0,0.4168,47.58,16.73,3,2.07,1,vix+credit
2009-01-30,CRISIS,0,0.4211,45.88,16.22,3,2.07,1,vix+credit
2009-02-06,CRISIS,0,0.3912,43.46,16.05,3,2.07,1,vix+credit
2009-02-13,CRISIS,0,0.4204,43.85,16.21,3,2.40,1,vix+credit
2009-02-20,CRISIS,0,0.4602,45.59,16.76,3,2.40,1,vix+credit
2009-02-27,CRISIS,0,0.4847,47.02,17.39,3,2.40,1,vix+credit
2009-03-06,CRISIS,0,0.5210,48.44,18.66,3,2.40,1,vix+credit
2009-03-13,CRISIS,0,0.4697,47.18,18.04,3,2.83,1,vix+credit
2009-03-20,CRISIS,0,0.4613,43.54,17.74,3,2.83,1,vix+credit
2009-03-27,CRISIS,0,0.4281,42.40,16.75,3,2.83,1,vix+credit
2009-04-03,CRISIS,0,0.4094,42.35,16.53,3,2.83,1,vix+credit
2009-04-09,CRISIS,0,0.3996,41.14,16.19,3,2.83,1,vix+credit
2009-04-17,CRISIS,0,0.3905,37.78,15.05,3,3.27,1,vix+credit
2009-04-24,CRISIS,0,0.3928,36.98,14.87,3,3.27,1,vix+credit
2009-05-01,CRISIS,0,0.3849,37.25,13.34,3,3.27,1,vix+credit
2009-05-08,CRISIS,0,0.3487,35.00,12.41,3,3.27,1,vix+credit
2009-05-15,CRISIS,0,0.3811,32.86,12.91,3,3.67,1,vix+credit
2009-05-22,CRISIS,0,0.3683,31.49,12.13,3,3.67,1,vix+credit
2009-05-29,CRISIS,0,0.3454,30.87,11.76,3,3.67,1,vix+credit
2009-06-05,CRISIS,1,0.3097,30.67,10.70,3,3.67,1,vix+credit
2009-06-12,CRISIS,1,0.3043,29.33,10.41,3,3.87,1,vix+credit
2009-06-19,CRISIS,1,0.3031,29.58,10.75,3,3.87,1,vix+credit
2009-06-26,CRISIS,1,0.2960,29.61,11.09,3,3.87,1,vix+credit
2009-07-02,CRISIS,1,0.3133,27.70,10.52,3,3.87,1,vix+credit
2009-07-10,CRISIS,0,0.3265,28.18,10.89,3,3.87,1,vix+credit
2009-07-17,CRISIS,1,0.2796,27.69,10.41,3,3.97,1,vix+credit
2009-07-24,CRISIS,1,0.2498,24.52,9.80,3,3.97,1,vix+credit
2009-07-31,CRISIS,1,0.2435,24.45,9.22,3,3.97,1,vix+credit
2009-08-07,CRISIS,1,0.2259,25.20,8.57,3,3.97,1,vix+credit
2009-08-14,CRISIS,1,0.2280,25.12,8.94,3,3.87,1,vix+credit
2009-08-21,CRISIS,1,0.2111,25.58,9.13,3,3.87,1,vix+credit
2009-08-28,CRISIS,1,0.1979,25.49,9.04,3,3.87,1,vix+credit
2009-09-04,CRISIS,1,0.1983,26.09,9.09,3,3.87,1,vix+credit
2009-09-11,CRISIS,1,0.1692,25.88,8.78,3,3.70,1,vix+credit
2009-09-18,DECLINE,1,0.1488,24.14,7.98,2,3.70,1,vix+credit
2009-09-25,DECLINE,1,0.1392,23.97,7.89,2,3.70,1,vix+credit
2009-10-02,CRISIS,1,0.0673,25.38,8.20,3,3.70,1,vix+credit
2009-10-09,STALL,1,0.0002,25.72,7.87,2,3.70,1,vix+credit
2009-10-16,STALL,1,0.0081,23.65,7.69,2,3.63,1,vix+credit
2009-10-23,STALL,1,0.0167,21.96,7.45,2,3.63,1,vix+credit
2009-10-30,STALL,1,0.0562,24.01,7.66,2,3.63,1,vix+credit
2009-11-06,STALL,1,0.0261,26.84,7.60,2,3.63,1,vix+credit
2009-11-13,STALL,1,0.0046,25.26,7.52,2,3.57,1,vix+credit
2009-11-20,STALL,1,0.0171,22.84,7.54,2,3.57,1,vix+credit
2009-11-27,STALL,1,0.0172,22.20,7.64,2,3.57,1,vix+credit
2009-12-04,STALL,1,0.0042,22.03,7.24,2,3.57,1,vix+credit
2009-12-11,STALL,1,0.0038,22.36,7.09,2,3.43,1,vix+credit
2009-12-18,STALL,1,0.0104,21.97,6.84,2,3.43,1,vix+credit
2009-12-24,STALL,1,0.0000,20.82,6.54,2,3.43,1,vix+credit
2009-12-31,STALL,1,0.0112,20.50,6.39,2,3.43,1,vix+credit
2010-01-08,STALL,1,0.0000,19.68,6.02,2,3.43,1,vix+credit
2010-01-15,STALL,1,0.0108,18.49,6.10,2,3.07,1,vix+credit
2010-01-22,STALL,1,0.0508,19.32,6.36,2,3.07,1,vix+credit
2010-01-29,STALL,1,0.0664,22.52,6.46,2,3.07,1,vix+credit
2010-02-05,STALL,1,0.0731,23.93,6.81,2,3.07,1,vix+credit
2010-02-12,STALL,1,0.0650,24.25,7.03,2,2.57,1,vix+credit
2010-02-19,STALL,1,0.0357,23.53,6.56,2,2.57,1,vix+credit
2010-02-26,STALL,1,0.0398,20.85,6.66,2,2.57,1,vix+credit
2010-03-05,STALL,1,0.0100,19.45,6.37,2,2.57,1,vix+credit
2010-03-12,STALL,1,0.0002,18.32,6.11,2,2.57,1,vix+credit
2010-03-19,BOOM,1,0.0054,17.61,5.98,1,2.03,1,vix+credit
2010-03-26,BOOM,1,0.0065,17.31,5.80,1,2.03,1,vix+credit
2010-04-01,BOOM,1,0.0000,17.37,5.82,1,2.03,1,vix+credit
2010-04-09,BOOM,1,0.0000,17.00,5.68,1,2.03,1,vix+credit
2010-04-16,BOOM,1,0.0161,16.41,5.57,1,1.57,1,vix+credit
2010-04-23,BOOM,1,0.0000,16.41,5.44,1,1.57,1,vix+credit
2010-04-30,BOOM,1,0.0251,18.43,5.61,1,1.57,1,vix+credit
2010-05-07,STALL,1,0.0874,24.45,6.47,2,1.57,1,vix+credit
2010-05-14,STALL,1,0.0670,28.33,6.33,2,1.20,1,vix+credit
2010-05-21,BEAR,0,0.1065,32.62,7.02,2,1.20,1,vix+credit
2010-05-28,BEAR,0,0.1050,35.53,6.90,2,1.20,1,vix+credit
2010-06-04,BEAR,0,0.1252,34.04,7.14,2,1.20,1,vix+credit
2010-06-11,BEAR,0,0.1032,32.61,7.27,2,0.77,1,vix+credit
2010-06-18,STALL,1,0.0820,29.27,6.82,2,0.77,1,vix+credit
2010-06-25,BEAR,0,0.1154,26.65,6.90,2,0.77,1,vix+credit
2010-07-02,BEAR,0,0.1599,29.78,7.13,2,0.77,1,vix+credit
2010-07-09,BEAR,0,0.1145,29.64,6.88,2,0.77,1,vix+credit
2010-07-16,DECLINE,0,0.1252,26.26,6.77,2,0.33,0,vix+credit
2010-07-23,DECLINE,0,0.0942,24.89,6.59,2,0.33,0,vix+credit
2010-07-30,DECLINE,0,0.0950,24.14,6.57,2,0.33,0,vix+credit
2010-08-06,STALL,1,0.0786,22.85,6.57,2,0.33,0,vix+credit
2010-08-13,DECLINE,0,0.1134,23.26,6.87,2,0.00,0,vix+credit
2010-08-20,DECLINE,0,0.1196,24.88,6.80,2,0.00,0,vix+credit
2010-08-27,DECLINE,0,0.1254,25.86,6.81,2,0.00,0,vix+credit
2010-09-03,DECLINE,0,0.0926,25.33,6.62,2,0.00,0,vix+credit
2010-09-10,DECLINE,0,0.0885,23.79,6.37,2,-0.03,0,vix+credit
2010-09-17,STALL,1,0.0753,22.18,6.24,2,-0.03,0,vix+credit
2010-09-24,STALL,1,0.0564,22.05,6.32,2,-0.03,0,vix+credit
2010-10-01,STALL,1,0.0584,22.65,6.22,2,-0.03,0,vix+credit
2010-10-08,STALL,1,0.0428,22.36,6.12,2,-0.03,0,vix+credit
2010-10-15,BOOM,1,0.0338,20.49,5.95,1,0.03,0,vix+credit
2010-10-22,BOOM,1,0.0281,19.34,5.96,1,0.03,0,vix+credit
2010-10-29,BOOM,1,0.0279,20.04,5.82,1,0.03,0,vix+credit
2010-11-05,BOOM,1,0.0000,20.26,5.79,1,0.03,0,vix+credit
2010-11-12,BOOM,1,0.0217,19.48,5.75,1,0.03,0,vix+credit
2010-11-19,BOOM,1,0.0213,19.64,5.81,1,0.03,0,vix+credit
2010-11-26,BOOM,1,0.0297,20.27,5.94,1,0.03,0,vix+credit
2010-12-03,BOOM,1,0.0009,20.27,5.92,1,0.03,0,vix+credit
2010-12-10,BOOM,1,0.0000,19.24,5.54,1,0.03,0,vix+credit
2010-12-17,BOOM,1,0.0000,17.52,5.54,1,0.13,0,vix+credit
2010-12-23,BOOM,1,0.0016,16.90,5.37,1,0.13,0,vix+credit
2010-12-31,BOOM,1,0.0017,16.87,5.41,1,0.13,0,vix+credit
2011-01-07,BOOM,1,0.0040,17.43,5.23,1,0.13,0,vix+credit
2011-01-14,BOOM,1,0.0000,16.91,5.12,1,0.07,0,vix+credit
2011-01-21,BOOM,1,0.0090,16.93,5.05,1,0.07,0,vix+credit
2011-01-28,BOOM,1,0.0179,17.32,5.03,1,0.07,0,vix+credit
2011-02-04,BOOM,1,0.0000,17.51,4.68,1,0.07,0,vix+credit
2011-02-11,BOOM,1,0.0000,16.68,4.59,1,-0.03,0,vix+credit
2011-02-18,BOOM,1,0.0000,16.18,4.53,1,-0.03,0,vix+credit
2011-02-25,BOOM,1,0.0172,18.12,4.72,1,-0.03,0,vix+credit
2011-03-04,BOOM,1,0.0163,19.76,4.69,1,-0.03,0,vix+credit
2011-03-11,BOOM,1,0.0288,20.04,4.88,1,-0.03,0,vix+credit
2011-03-18,BOOM,1,0.0475,22.83,5.02,1,-0.27,0,vix+credit
2011-03-25,BOOM,1,0.0217,22.16,4.79,1,-0.27,0,vix+credit
2011-04-01,BOOM,1,0.0079,18.63,4.72,1,-0.27,0,vix+credit
2011-04-08,BOOM,1,0.0110,17.71,4.53,1,-0.27,0,vix+credit
2011-04-15,BOOM,1,0.0174,16.88,4.68,1,-0.10,0,vix+credit
2011-04-21,BOOM,1,0.0042,16.26,4.65,1,-0.10,0,vix+credit
2011-04-29,BOOM,1,0.0000,15.40,4.71,1,-0.10,0,vix+credit
2011-05-06,BOOM,1,0.0172,16.25,4.81,1,-0.10,0,vix+credit
2011-05-13,BOOM,1,0.0189,16.95,4.80,1,0.00,0,vix+credit
2011-05-20,BOOM,1,0.0222,16.81,4.82,1,0.00,0,vix+credit
2011-05-27,BOOM,1,0.0238,17.02,5.01,1,0.00,0,vix+credit
2011-06-03,BOOM,1,0.0465,17.24,5.24,1,0.00,0,vix+credit
2011-06-10,STALL,1,0.0679,17.78,5.43,1,0.00,0,vix+credit
2011-06-17,STALL,1,0.0675,19.58,5.64,1,0.00,0,vix+credit
2011-06-24,STALL,1,0.0698,20.15,5.80,1,0.00,0,vix+credit
2011-07-01,BOOM,1,0.0176,18.72,5.34,1,0.00,0,vix+credit
2011-07-08,BOOM,1,0.0145,17.48,5.39,1,0.00,0,vix+credit
2011-07-15,BOOM,1,0.0348,17.87,5.51,1,0.03,0,vix+credit
2011-07-22,BOOM,1,0.0136,19.28,5.35,1,0.03,0,vix+credit
2011-07-29,STALL,1,0.0523,20.59,5.51,1,0.03,0,vix+credit
2011-08-05,DECLINE,0,0.1204,24.70,6.24,2,0.03,0,vix+credit
2011-08-12,DECLINE,0,0.1355,33.69,7.30,2,0.00,0,vix+credit
2011-08-19,DECLINE,0,0.1761,38.34,7.30,2,0.00,0,vix+credit
2011-08-26,DECLINE,0,0.1370,37.20,7.50,2,0.00,0,vix+credit
2011-09-02,DECLINE,0,0.1391,35.25,7.33,2,0.00,0,vix+credit
2011-09-09,DECLINE,0,0.1535,34.13,7.51,2,0.00,0,vix+credit
2011-09-16,DECLINE,0,0.1082,35.02,7.46,2,0.00,0,vix+credit
2011-09-23,CRISIS,0,0.1666,35.86,8.01,3,0.00,0,vix+credit
2011-09-30,CRISIS,0,0.1703,38.51,8.41,3,0.00,0,vix+credit
2011-10-07,CRISIS,0,0.1526,39.62,8.55,3,0.00,0,vix+credit
2011-10-14,DECLINE,0,0.1020,35.26,7.89,2,-0.03,0,vix+credit
2011-10-21,DECLINE,0,0.0919,32.16,7.46,2,-0.03,0,vix+credit
2011-10-28,STALL,1,0.0576,30.68,6.85,2,-0.03,0,vix+credit
2011-11-04,DECLINE,0,0.0809,29.95,7.26,2,-0.03,0,vix+credit
2011-11-11,DECLINE,0,0.0732,31.45,7.46,2,-0.07,0,vix+credit
2011-11-18,DECLINE,0,0.1085,31.87,7.61,2,-0.07,0,vix+credit
2011-11-25,CRISIS,0,0.1503,32.57,8.00,3,-0.07,0,vix+credit
2011-12-02,DECLINE,0,0.0875,31.08,7.65,2,-0.07,0,vix+credit
2011-12-09,DECLINE,0,0.0795,28.71,7.53,2,-0.07,0,vix+credit
2011-12-16,DECLINE,0,0.1056,26.81,7.65,2,-0.13,0,vix+credit
2011-12-23,STALL,1,0.0721,23.80,7.37,2,-0.13,0,vix+credit
2011-12-30,DECLINE,0,0.0777,22.72,7.38,2,-0.13,0,vix+credit
2012-01-06,STALL,1,0.0629,22.07,7.00,2,-0.13,0,vix+credit
2012-01-13,STALL,1,0.0546,21.49,7.02,2,-0.17,0,vix+credit
2012-01-20,STALL,1,0.0354,20.61,6.69,2,-0.17,0,vix+credit
2012-01-27,STALL,1,0.0347,19.51,6.57,2,-0.17,0,vix+credit
2012-02-03,STALL,1,0.0137,18.55,6.42,2,-0.17,0,vix+credit
2012-02-10,STALL,1,0.0154,18.55,6.35,2,-0.17,0,vix+credit
2012-02-17,STALL,1,0.0017,18.97,6.20,2,-0.17,0,vix+credit
2012-02-24,STALL,1,0.0000,18.80,6.01,2,-0.17,0,vix+credit
2012-03-02,BOOM,1,0.0032,17.74,5.97,1,-0.17,0,vix+credit
2012-03-09,STALL,1,0.0023,18.22,6.09,2,-0.17,0,vix+credit
2012-03-16,BOOM,1,0.0000,16.87,5.86,1,-0.10,0,vix+credit
2012-03-23,BOOM,1,0.0090,15.18,5.93,1,-0.10,0,vix+credit
2012-03-30,BOOM,1,0.0057,15.24,5.95,1,-0.10,0,vix+credit
2012-04-05,STALL,1,0.0148,15.56,6.05,2,-0.10,0,vix+credit
2012-04-13,STALL,1,0.0344,17.59,6.26,2,-0.10,0,vix+credit
2012-04-20,STALL,1,0.0285,18.84,6.14,2,-0.10,0,vix+credit
2012-04-27,STALL,1,0.0110,17.89,6.02,2,-0.10,0,vix+credit
2012-05-04,BOOM,1,0.0352,17.38,5.94,1,-0.10,0,vix+credit
2012-05-11,STALL,1,0.0463,18.41,6.02,2,-0.03,0,vix+credit
2012-05-18,STALL,1,0.0873,21.25,6.52,2,-0.03,0,vix+credit
2012-05-25,STALL,1,0.0713,22.58,6.63,2,-0.03,0,vix+credit
2012-06-01,DECLINE,0,0.0994,23.11,7.16,2,-0.03,0,vix+credit
2012-06-08,STALL,1,0.0658,23.36,6.95,2,-0.03,0,vix+credit
2012-06-15,STALL,1,0.0537,22.86,6.84,2,-0.03,0,vix+credit
2012-06-22,STALL,1,0.0592,20.48,6.52,2,-0.03,0,vix+credit
2012-06-29,STALL,1,0.0401,18.85,6.36,2,-0.03,0,vix+credit
2012-07-06,STALL,1,0.0454,18.25,6.44,2,-0.03,0,vix+credit
2012-07-13,STALL,1,0.0439,17.49,6.41,2,0.00,0,vix+credit
2012-07-20,STALL,1,0.0397,17.12,6.28,2,0.00,0,vix+credit
2012-07-27,STALL,1,0.0233,17.41,6.22,2,0.00,0,vix+credit
2012-08-03,STALL,1,0.0198,18.18,6.01,2,0.00,0,vix+credit
2012-08-10,BOOM,1,0.0093,16.64,5.98,1,0.00,0,vix+credit
2012-08-17,BOOM,1,0.0006,14.82,5.89,1,0.00,0,vix+credit
2012-08-24,BOOM,1,0.0056,14.62,5.87,1,0.00,0,vix+credit
2012-08-31,BOOM,1,0.0088,16.05,5.98,1,0.00,0,vix+credit
2012-09-07,BOOM,1,0.0000,16.61,5.74,1,0.00,0,vix+credit
2012-09-14,BOOM,1,0.0000,16.02,5.30,1,-0.03,0,vix+credit
2012-09-21,BOOM,1,0.0038,14.78,5.42,1,-0.03,0,vix+credit
2012-09-28,BOOM,1,0.0171,14.77,5.72,1,-0.03,0,vix+credit
2012-10-05,BOOM,1,0.0033,15.33,5.55,1,-0.03,0,vix+credit
2012-10-12,BOOM,1,0.0254,15.58,5.56,1,-0.13,0,vix+credit
2012-10-19,BOOM,1,0.0222,15.72,5.31,1,-0.13,0,vix+credit
2012-10-26,BOOM,1,0.0367,16.74,5.41,1,-0.13,0,vix+credit
2012-11-02,BOOM,1,0.0352,17.47,5.54,1,-0.13,0,vix+credit
2012-11-09,STALL,0,0.0586,18.10,5.77,1,-0.13,0,vix+credit
2012-11-16,STALL,0,0.0722,17.78,5.98,1,-0.13,0,vix+credit
2012-11-23,BOOM,1,0.0386,16.50,5.71,1,-0.13,0,vix+credit
2012-11-30,BOOM,1,0.0338,15.50,5.65,1,-0.13,0,vix+credit
2012-12-07,BOOM,1,0.0325,16.06,5.42,1,-0.13,0,vix+credit
2012-12-14,BOOM,1,0.0356,16.38,5.28,1,-0.13,0,vix+credit
2012-12-21,BOOM,1,0.0243,16.59,5.26,1,-0.13,0,vix+credit
2012-12-28,BOOM,1,0.0432,18.13,5.30,1,-0.13,0,vix+credit
2013-01-04,BOOM,1,0.0000,17.61,5.04,1,-0.13,0,vix+credit
2013-01-11,BOOM,1,0.0000,15.19,4.93,1,0.03,0,vix+credit
2013-01-18,BOOM,1,0.0000,13.46,4.89,1,0.03,0,vix+credit
2013-01-25,BOOM,1,0.0000,13.04,4.73,1,0.03,0,vix+credit
2013-02-01,BOOM,1,0.0000,13.13,4.94,1,0.03,0,vix+credit
2013-02-08,BOOM,1,0.0000,13.67,5.08,1,0.03,0,vix+credit
2013-02-15,BOOM,1,0.0010,13.20,4.96,1,0.10,0,vix+credit
2013-02-22,BOOM,1,0.0100,13.31,4.97,1,0.10,0,vix+credit
2013-03-01,BOOM,1,0.0083,15.03,5.00,1,0.10,0,vix+credit
2013-03-08,BOOM,1,0.0000,14.81,4.76,1,0.10,0,vix+credit
2013-03-15,BOOM,1,0.0016,12.49,4.72,1,0.10,0,vix+credit
2013-03-22,BOOM,1,0.0041,12.62,4.78,1,0.10,0,vix+credit
2013-03-28,BOOM,1,0.0000,13.16,4.80,1,0.10,0,vix+credit
2013-04-05,BOOM,1,0.0108,13.43,4.95,1,0.10,0,vix+credit
2013-04-12,BOOM,1,0.0028,13.11,4.75,1,-0.03,0,vix+credit
2013-04-19,BOOM,1,0.0239,14.30,4.78,1,-0.03,0,vix+credit
2013-04-26,BOOM,1,0.0070,14.90,4.60,1,-0.03,0,vix+credit
2013-05-03,BOOM,1,0.0000,13.69,4.33,0,-0.03,0,vix+credit
2013-05-10,BOOM,1,0.0000,13.20,4.23,0,-0.03,0,vix+credit
2013-05-17,BOOM,1,0.0000,12.75,4.37,0,-0.13,0,vix+credit
2013-05-24,BOOM,1,0.0117,13.19,4.45,0,-0.13,0,vix+credit
2013-05-31,BOOM,1,0.0230,14.09,4.62,1,-0.13,0,vix+credit
2013-06-07,BOOM,1,0.0154,15.59,4.89,1,-0.13,0,vix+credit
2013-06-14,BOOM,1,0.0254,16.65,5.04,1,-0.07,0,vix+credit
2013-06-21,BOOM,1,0.0460,17.41,5.09,1,-0.07,0,vix+credit
2013-06-28,BOOM,1,0.0377,17.89,5.16,1,-0.07,0,vix+credit
2013-07-05,BOOM,1,0.0223,17.23,5.04,1,-0.07,0,vix+credit
2013-07-12,BOOM,1,0.0000,15.20,4.80,1,0.00,0,vix+credit
2013-07-19,BOOM,1,0.0000,13.95,4.56,1,0.00,0,vix+credit
2013-07-26,BOOM,1,0.0023,13.21,4.71,1,0.00,0,vix+credit
2013-08-02,BOOM,1,0.0000,12.90,4.74,1,0.00,0,vix+credit
2013-08-09,BOOM,1,0.0107,12.88,4.80,1,0.00,0,vix+credit
2013-08-16,BOOM,1,0.0315,13.09,4.70,1,-0.10,0,vix+credit
2013-08-23,BOOM,1,0.0270,14.19,4.75,1,-0.10,0,vix+credit
2013-08-30,BOOM,1,0.0449,15.68,4.76,1,-0.10,0,vix+credit
2013-09-06,BOOM,1,0.0319,16.02,4.63,1,-0.10,0,vix+credit
2013-09-13,BOOM,1,0.0127,15.36,4.60,1,-0.10,0,vix+credit
2013-09-20,BOOM,1,0.0090,14.12,4.54,1,-0.10,0,vix+credit
2013-09-27,BOOM,1,0.0196,14.07,4.75,1,-0.10,0,vix+credit
2013-10-04,BOOM,1,0.0203,15.51,4.70,1,-0.10,0,vix+credit
2013-10-11,BOOM,1,0.0129,17.47,4.62,1,-0.10,0,vix+credit
2013-10-18,BOOM,1,0.0000,16.75,4.46,0,-0.10,0,vix+credit
2013-10-25,BOOM,1,0.0000,14.22,4.42,0,-0.10,0,vix+credit
2013-11-01,BOOM,1,0.0058,13.36,4.31,0,-0.10,0,vix+credit
2013-11-08,BOOM,1,0.0008,13.31,4.38,0,-0.10,0,vix+credit
2013-11-15,BOOM,1,0.0000,12.81,4.38,0,-0.03,0,vix+credit
2013-11-22,BOOM,1,0.0000,12.72,4.30,0,-0.03,0,vix+credit
2013-11-29,BOOM,1,0.0008,12.93,4.23,0,-0.03,0,vix+credit
2013-12-06,BOOM,1,0.0012,13.69,4.13,0,-0.03,0,vix+credit
2013-12-13,BOOM,1,0.0183,14.65,4.12,0,-0.10,0,vix+credit
2013-12-20,BOOM,1,0.0000,14.81,4.04,0,-0.10,0,vix+credit
2013-12-27,BOOM,1,0.0003,14.00,3.96,0,-0.10,0,vix+credit
2014-01-03,BOOM,1,0.0092,13.35,3.98,0,-0.10,0,vix+credit
2014-01-10,BOOM,1,0.0032,13.21,3.95,0,-0.17,0,vix+credit
2014-01-17,BOOM,1,0.0052,12.72,3.88,0,-0.17,0,vix+credit
2014-01-24,BOOM,1,0.0314,13.26,4.08,0,-0.17,0,vix+credit
2014-01-31,BOOM,1,0.0356,15.63,4.21,0,-0.17,0,vix+credit
2014-02-07,BOOM,1,0.0278,17.93,4.20,0,-0.17,0,vix+credit
2014-02-14,BOOM,1,0.0053,16.48,4.03,0,-0.20,0,vix+credit
2014-02-21,BOOM,1,0.0066,14.59,3.90,0,-0.20,0,vix+credit
2014-02-28,BOOM,1,0.0000,14.27,3.81,0,-0.20,0,vix+credit
2014-03-07,BOOM,1,0.0000,14.26,3.79,0,-0.20,0,vix+credit
2014-03-14,BOOM,1,0.0197,14.98,3.96,0,-0.07,0,vix+credit
2014-03-21,BOOM,1,0.0061,15.23,3.76,0,-0.07,0,vix+credit
2014-03-28,BOOM,1,0.0109,14.79,3.73,0,-0.07,0,vix+credit
2014-04-04,BOOM,1,0.0136,14.05,3.68,0,-0.07,0,vix+credit
2014-04-11,BOOM,1,0.0398,14.46,3.82,0,0.00,0,vix+credit
2014-04-17,BOOM,1,0.0138,15.04,3.68,0,0.00,0,vix+credit
2014-04-25,BOOM,1,0.0145,14.34,3.69,0,0.00,0,vix+credit
2014-05-02,BOOM,1,0.0052,13.43,3.73,0,0.00,0,vix+credit
2014-05-09,BOOM,1,0.0066,13.41,3.74,0,0.00,0,vix+credit
2014-05-16,BOOM,1,0.0103,12.90,3.77,0,-0.13,0,vix+credit
2014-05-23,BOOM,1,0.0000,12.28,3.78,0,-0.13,0,vix+credit
2014-05-30,BOOM,1,0.0000,11.93,3.75,0,-0.13,0,vix+credit
2014-06-06,BOOM,1,0.0000,11.55,3.53,0,-0.13,0,vix+credit
2014-06-13,BOOM,1,0.0077,11.64,3.47,0,-0.13,0,vix+credit
2014-06-20,BOOM,1,0.0000,11.53,3.36,0,-0.13,0,vix+credit
2014-06-27,BOOM,1,0.0010,11.44,3.48,0,-0.13,0,vix+credit
2014-07-03,BOOM,1,0.0000,11.23,3.44,0,-0.13,0,vix+credit
2014-07-11,BOOM,1,0.0090,11.47,3.61,0,-0.20,0,vix+credit
2014-07-18,BOOM,1,0.0036,12.10,3.78,0,-0.20,0,vix+credit
2014-07-25,BOOM,1,0.0048,12.25,3.75,0,-0.20,0,vix+credit
2014-08-01,BOOM,1,0.0316,13.43,4.25,0,-0.20,0,vix+credit
2014-08-08,BOOM,1,0.0284,15.39,4.20,0,-0.20,0,vix+credit
2014-08-15,BOOM,1,0.0166,14.76,3.97,0,0.00,0,vix+credit
2014-08-22,BOOM,1,0.0020,12.64,3.79,0,0.00,0,vix+credit
2014-08-29,BOOM,1,0.0000,11.88,3.80,0,0.00,0,vix+credit
2014-09-05,BOOM,1,0.0000,12.01,3.93,0,0.00,0,vix+credit
2014-09-12,BOOM,1,0.0110,12.66,4.03,0,-0.07,0,vix+credit
2014-09-19,BOOM,1,0.0005,12.88,3.97,0,-0.07,0,vix+credit
2014-09-26,BOOM,1,0.0142,13.60,4.40,0,-0.07,0,vix+credit
2014-10-03,BOOM,1,0.0216,15.21,4.29,0,-0.07,0,vix+credit
2014-10-10,STALL,1,0.0523,16.75,4.66,1,-0.07,0,vix+credit
2014-10-17,STALL,0,0.0619,20.77,4.68,1,-0.07,0,vix+credit
2014-10-24,BOOM,1,0.0233,20.51,4.38,1,-0.07,0,vix+credit
2014-10-31,BOOM,1,0.0000,15.93,4.30,0,-0.07,0,vix+credit
2014-11-07,BOOM,1,0.0000,14.47,4.36,0,-0.07,0,vix+credit
2014-11-14,BOOM,1,0.0000,13.63,4.43,0,-0.17,0,vix+credit
2014-11-21,BOOM,1,0.0000,13.40,4.54,1,-0.17,0,vix+credit
2014-11-28,BOOM,1,0.0025,13.19,4.64,1,-0.17,0,vix+credit
2014-12-05,BOOM,1,0.0000,12.69,4.77,1,-0.17,0,vix+credit
2014-12-12,BOOM,1,0.0352,15.30,5.47,1,-0.10,0,vix+credit
2014-12-19,BOOM,1,0.0023,18.60,5.09,1,-0.10,0,vix+credit
2014-12-26,BOOM,1,0.0000,17.67,4.93,1,-0.10,0,vix+credit
2015-01-02,BOOM,1,0.0155,16.02,5.08,1,-0.10,0,vix+credit
2015-01-09,BOOM,1,0.0219,17.74,5.20,1,-0.10,0,vix+credit
2015-01-16,BOOM,1,0.0340,19.99,5.42,1,-0.10,0,vix+credit
2015-01-23,BOOM,1,0.0185,19.43,5.30,1,-0.10,0,vix+credit
2015-01-30,BOOM,1,0.0457,18.57,5.37,1,-0.10,0,vix+credit
2015-02-06,BOOM,1,0.0168,18.21,4.78,1,-0.10,0,vix+credit
2015-02-13,BOOM,1,0.0000,17.20,4.71,1,0.00,0,vix+credit
2015-02-20,BOOM,1,0.0000,16.09,4.53,1,0.00,0,vix+credit
2015-02-27,BOOM,1,0.0052,14.49,4.43,0,0.00,0,vix+credit
2015-03-06,BOOM,1,0.0218,13.97,4.42,0,0.00,0,vix+credit
2015-03-13,BOOM,1,0.0302,15.04,4.68,1,-0.10,0,vix+credit
2015-03-20,BOOM,1,0.0044,15.24,4.81,1,-0.10,0,vix+credit
2015-03-27,BOOM,1,0.0266,14.57,4.76,1,-0.10,0,vix+credit
2015-04-02,BOOM,1,0.0238,14.59,4.82,1,-0.10,0,vix+credit
2015-04-10,BOOM,1,0.0072,14.38,4.60,1,-0.07,0,vix+credit
2015-04-17,BOOM,1,0.0171,13.61,4.66,1,-0.07,0,vix+credit
2015-04-24,BOOM,1,0.0000,13.10,4.56,1,-0.07,0,vix+credit
2015-05-01,BOOM,1,0.0044,13.02,4.53,1,-0.07,0,vix+credit
2015-05-08,BOOM,1,0.0008,13.65,4.53,1,-0.07,0,vix+credit
2015-05-15,BOOM,1,0.0000,13.69,4.55,1,-0.10,0,vix+credit
2015-05-22,BOOM,1,0.0022,12.93,4.47,0,-0.10,0,vix+credit
2015-05-29,BOOM,1,0.0110,12.96,4.52,1,-0.10,0,vix+credit
2015-06-05,BOOM,1,0.0178,13.74,4.56,1,-0.10,0,vix+credit
2015-06-12,BOOM,1,0.0172,14.04,4.63,1,0.03,0,vix+credit
2015-06-19,BOOM,1,0.0098,14.15,4.73,1,0.03,0,vix+credit
2015-06-26,BOOM,1,0.0138,13.80,4.65,1,0.03,0,vix+credit
2015-07-02,BOOM,1,0.0254,15.01,4.91,1,0.03,0,vix+credit
2015-07-10,BOOM,1,0.0254,17.35,4.97,1,0.03,0,vix+credit
2015-07-17,BOOM,1,0.0020,15.41,4.95,1,0.00,0,vix+credit
2015-07-24,BOOM,1,0.0240,12.75,5.32,1,0.00,0,vix+credit
2015-07-31,BOOM,1,0.0127,12.88,5.36,1,0.00,0,vix+credit
2015-08-07,BOOM,1,0.0250,13.10,5.52,1,0.00,0,vix+credit
2015-08-14,BOOM,1,0.0184,13.11,5.52,1,-0.07,0,vix+credit
2015-08-21,STALL,0,0.0751,15.51,5.86,1,-0.07,0,vix+credit
2015-08-28,STALL,0,0.0666,24.85,5.72,1,-0.07,0,vix+credit
2015-09-04,STALL,0,0.0984,29.86,5.74,1,-0.07,0,vix+credit
2015-09-11,STALL,0,0.0797,26.41,5.62,1,-0.17,0,vix+credit
2015-09-18,STALL,0,0.0811,23.81,5.80,1,-0.17,0,vix+credit
2015-09-25,DECLINE,0,0.0936,22.34,6.15,2,-0.17,0,vix+credit
2015-10-02,DECLINE,0,0.0842,23.42,6.83,2,-0.17,0,vix+credit
2015-10-09,DECLINE,0,0.0544,21.43,6.13,2,-0.17,0,vix+credit
2015-10-16,DECLINE,0,0.0459,17.48,6.18,2,-0.10,0,vix+credit
2015-10-23,BOOM,1,0.0261,15.93,5.97,1,-0.10,0,vix+credit
2015-10-30,BOOM,1,0.0242,15.11,5.88,1,-0.10,0,vix+credit
2015-11-06,BOOM,1,0.0148,14.83,5.82,1,-0.10,0,vix+credit
2015-11-13,DECLINE,0,0.0506,15.99,6.24,2,-0.07,0,vix+credit
2015-11-20,STALL,1,0.0195,17.26,6.32,2,-0.07,0,vix+credit
2015-11-27,STALL,1,0.0191,16.82,6.38,2,-0.07,0,vix+credit
2015-12-04,STALL,1,0.0184,15.70,6.37,2,-0.07,0,vix+credit
2015-12-11,DECLINE,0,0.0556,17.64,7.10,2,0.00,0,vix+credit
2015-12-18,DECLINE,0,0.0588,19.80,7.20,2,0.00,0,vix+credit
2015-12-24,DECLINE,0,0.0328,19.22,7.05,2,0.00,0,vix+credit
2015-12-31,DECLINE,0,0.0408,17.47,6.95,2,0.00,0,vix+credit
2016-01-08,DECLINE,0,0.0980,19.69,7.23,2,0.00,0,vix+credit
2016-01-15,DECLINE,0,0.1176,23.56,7.89,2,0.00,0,vix+credit
2016-01-22,DECLINE,0,0.1051,25.26,7.87,2,0.00,0,vix+credit
2016-01-29,DECLINE,0,0.0894,24.21,7.74,2,0.00,0,vix+credit
2016-02-05,CRISIS,0,0.1177,22.12,8.10,3,0.00,0,vix+credit
2016-02-12,CRISIS,0,0.1249,24.12,8.64,3,-0.07,0,vix+credit
2016-02-19,CRISIS,0,0.1000,24.43,8.23,3,-0.07,0,vix+credit
2016-02-26,DECLINE,0,0.0858,21.40,7.80,2,-0.07,0,vix+credit
2016-03-04,DECLINE,0,0.0614,18.89,7.08,2,-0.07,0,vix+credit
2016-03-11,STALL,1,0.0510,17.78,6.82,2,-0.07,0,vix+credit
2016-03-18,STALL,1,0.0381,16.61,6.71,2,-0.07,0,vix+credit
2016-03-24,STALL,1,0.0445,15.13,6.93,2,-0.07,0,vix+credit
2016-04-01,STALL,1,0.0272,14.13,7.05,2,-0.07,0,vix+credit
2016-04-08,STALL,1,0.0391,14.48,7.03,2,-0.07,0,vix+credit
2016-04-15,STALL,1,0.0235,14.74,6.62,2,0.00,0,vix+credit
2016-04-22,STALL,1,0.0184,13.93,6.29,2,0.00,0,vix+credit
2016-04-29,STALL,1,0.0307,13.98,6.24,2,0.00,0,vix+credit
2016-05-06,STALL,1,0.0346,14.97,6.48,2,0.00,0,vix+credit
2016-05-13,STALL,1,0.0395,14.93,6.41,2,0.10,0,vix+credit
2016-05-20,STALL,1,0.0357,15.01,6.22,2,0.10,0,vix+credit
2016-05-27,STALL,1,0.0137,14.84,6.08,2,0.10,0,vix+credit
2016-06-03,STALL,1,0.0137,14.14,6.09,2,0.10,0,vix+credit
2016-06-10,BOOM,1,0.0151,14.21,5.98,1,0.07,0,vix+credit
2016-06-17,STALL,1,0.0268,17.38,6.21,2,0.07,0,vix+credit
2016-06-24,STALL,1,0.0427,20.14,6.33,2,0.07,0,vix+credit
2016-07-01,STALL,1,0.0119,19.07,6.12,2,0.07,0,vix+credit
2016-07-08,BOOM,1,0.0000,17.39,5.88,1,0.07,0,vix+credit
2016-07-15,BOOM,1,0.0009,13.89,5.42,1,0.03,0,vix+credit
2016-07-22,BOOM,1,0.0000,12.66,5.39,1,0.03,0,vix+credit
2016-07-29,BOOM,1,0.0007,12.43,5.61,1,0.03,0,vix+credit
2016-08-05,BOOM,1,0.0000,12.58,5.46,1,0.03,0,vix+credit
2016-08-12,BOOM,1,0.0008,12.09,5.34,1,-0.07,0,vix+credit
2016-08-19,BOOM,1,0.0029,11.79,5.15,1,-0.07,0,vix+credit
2016-08-26,BOOM,1,0.0096,12.48,5.04,1,-0.07,0,vix+credit
2016-09-02,BOOM,1,0.0046,13.03,5.09,1,-0.07,0,vix+credit
2016-09-09,BOOM,1,0.0285,13.26,5.10,1,-0.07,0,vix+credit
2016-09-16,BOOM,1,0.0233,14.88,5.27,1,0.03,0,vix+credit
2016-09-23,BOOM,1,0.0116,15.19,5.10,1,0.03,0,vix+credit
2016-09-30,BOOM,1,0.0100,13.64,4.97,1,0.03,0,vix+credit
2016-10-07,BOOM,1,0.0166,13.38,4.76,1,0.03,0,vix+credit
2016-10-14,BOOM,1,0.0261,14.40,4.72,1,0.07,0,vix+credit
2016-10-21,BOOM,1,0.0224,15.04,4.62,1,0.07,0,vix+credit
2016-10-28,BOOM,1,0.0291,14.53,4.76,1,0.07,0,vix+credit
2016-11-04,BOOM,1,0.0479,17.18,5.20,1,0.07,0,vix+credit
2016-11-11,BOOM,1,0.0117,18.03,4.97,1,0.10,0,vix+credit
2016-11-18,BOOM,1,0.0038,14.85,4.84,1,0.10,0,vix+credit
2016-11-25,BOOM,1,0.0000,13.15,4.64,1,0.10,0,vix+credit
2016-12-02,BOOM,1,0.0097,13.00,4.64,1,0.10,0,vix+credit
2016-12-09,BOOM,1,0.0000,12.81,4.28,0,0.10,0,vix+credit
2016-12-16,BOOM,1,0.0060,12.41,4.21,0,0.03,0,vix+credit
2016-12-23,BOOM,1,0.0035,12.08,4.16,0,0.03,0,vix+credit
2016-12-30,BOOM,1,0.0145,12.18,4.21,0,0.03,0,vix+credit
2017-01-06,BOOM,1,0.0000,12.29,3.98,0,0.03,0,vix+credit
2017-01-13,BOOM,1,0.0010,11.88,4.02,0,-0.07,0,vix+credit
2017-01-20,BOOM,1,0.0025,11.71,4.02,0,-0.07,0,vix+credit
2017-01-27,BOOM,1,0.0016,11.48,3.93,0,-0.07,0,vix+credit
2017-02-03,BOOM,1,0.0004,11.34,3.86,0,-0.07,0,vix+credit
2017-02-10,BOOM,1,0.0000,11.44,3.90,0,-0.07,0,vix+credit
2017-02-17,BOOM,1,0.0000,11.29,3.86,0,-0.07,0,vix+credit
2017-02-24,BOOM,1,0.0000,11.44,3.84,0,-0.07,0,vix+credit
2017-03-03,BOOM,1,0.0054,11.83,3.60,0,-0.07,0,vix+credit
2017-03-10,BOOM,1,0.0097,11.88,3.89,0,-0.07,0,vix+credit
2017-03-17,BOOM,1,0.0074,11.63,3.91,0,-0.03,0,vix+credit
2017-03-24,BOOM,1,0.0217,12.05,4.07,0,-0.03,0,vix+credit
2017-03-31,BOOM,1,0.0139,12.21,3.92,0,-0.03,0,vix+credit
2017-04-07,BOOM,1,0.0169,12.17,3.86,0,-0.03,0,vix+credit
2017-04-13,BOOM,1,0.0280,13.55,4.03,0,-0.10,0,vix+credit
2017-04-21,BOOM,1,0.0197,14.65,3.97,0,-0.10,0,vix+credit
2017-04-28,BOOM,1,0.0049,12.64,3.75,0,-0.10,0,vix+credit
2017-05-05,BOOM,1,0.0000,10.60,3.82,0,-0.10,0,vix+credit
2017-05-12,BOOM,1,0.0036,10.34,3.77,0,-0.10,0,vix+credit
2017-05-19,BOOM,1,0.0086,11.43,3.78,0,-0.10,0,vix+credit
2017-05-26,BOOM,1,0.0000,11.48,3.67,0,-0.10,0,vix+credit
2017-06-02,BOOM,1,0.0000,10.39,3.69,0,-0.10,0,vix+credit
2017-06-09,BOOM,1,0.0030,10.20,3.73,0,-0.10,0,vix+credit
2017-06-16,BOOM,1,0.0030,10.56,3.76,0,-0.07,0,vix+credit
2017-06-23,BOOM,1,0.0062,10.63,3.86,0,-0.07,0,vix+credit
2017-06-30,BOOM,1,0.0122,10.61,3.77,0,-0.07,0,vix+credit
2017-07-07,BOOM,1,0.0115,10.96,3.83,0,-0.07,0,vix+credit
2017-07-14,BOOM,1,0.0000,10.89,3.73,0,-0.03,0,vix+credit
2017-07-21,BOOM,1,0.0005,10.01,3.64,0,-0.03,0,vix+credit
2017-07-28,BOOM,1,0.0023,9.73,3.59,0,-0.03,0,vix+credit
2017-08-04,BOOM,1,0.0004,10.00,3.63,0,-0.03,0,vix+credit
2017-08-11,BOOM,1,0.0160,11.47,4.00,0,-0.03,0,vix+credit
2017-08-18,BOOM,1,0.0223,12.95,3.98,0,-0.03,0,vix+credit
2017-08-25,BOOM,1,0.0153,12.62,3.89,0,-0.03,0,vix+credit
2017-09-01,BOOM,1,0.0018,11.53,3.82,0,-0.03,0,vix+credit
2017-09-08,BOOM,1,0.0079,11.38,3.92,0,-0.03,0,vix+credit
2017-09-15,BOOM,1,0.0000,11.01,3.73,0,0.00,0,vix+credit
2017-09-22,BOOM,1,0.0024,10.18,3.64,0,0.00,0,vix+credit
2017-09-29,BOOM,1,0.0000,9.87,3.54,0,0.00,0,vix+credit
2017-10-06,BOOM,1,0.0011,9.67,3.52,0,0.00,0,vix+credit
2017-10-13,BOOM,1,0.0008,9.72,3.60,0,0.00,0,vix+credit
2017-10-20,BOOM,1,0.0000,10.01,3.42,0,0.00,0,vix+credit
2017-10-27,BOOM,1,0.0000,10.49,3.44,0,0.00,0,vix+credit
2017-11-03,BOOM,1,0.0000,10.45,3.52,0,0.00,0,vix+credit
2017-11-10,BOOM,1,0.0047,10.08,3.76,0,-0.03,0,vix+credit
2017-11-17,BOOM,1,0.0060,11.03,3.76,0,-0.03,0,vix+credit
2017-11-24,BOOM,1,0.0000,11.06,3.67,0,-0.03,0,vix+credit
2017-12-01,BOOM,1,0.0020,10.47,3.63,0,-0.03,0,vix+credit
2017-12-08,BOOM,1,0.0000,10.71,3.63,0,-0.03,0,vix+credit
2017-12-15,BOOM,1,0.0000,10.31,3.64,0,-0.07,0,vix+credit
2017-12-22,BOOM,1,0.0025,9.81,3.56,0,-0.07,0,vix+credit
2017-12-29,BOOM,1,0.0062,10.02,3.58,0,-0.07,0,vix+credit
2018-01-05,BOOM,1,0.0000,9.88,3.36,0,-0.07,0,vix+credit
2018-01-12,BOOM,1,0.0000,9.79,3.37,0,-0.07,0,vix+credit
2018-01-19,BOOM,1,0.0000,10.57,3.35,0,-0.07,0,vix+credit
2018-01-26,BOOM,1,0.0000,11.35,3.23,0,-0.07,0,vix+credit
2018-02-02,BOOM,1,0.0385,12.92,3.36,0,-0.07,0,vix+credit
2018-02-09,STALL,1,0.0882,23.05,3.82,1,-0.07,0,vix+credit
2018-02-16,BOOM,1,0.0490,26.60,3.50,1,-0.07,0,vix+credit
2018-02-23,BOOM,1,0.0437,21.33,3.58,1,-0.07,0,vix+credit
2018-03-02,STALL,1,0.0632,19.16,3.65,0,-0.07,0,vix+credit
2018-03-09,BOOM,1,0.0300,18.23,3.53,0,-0.07,0,vix+credit
2018-03-16,BOOM,1,0.0421,16.78,3.60,0,-0.03,0,vix+credit
2018-03-23,STALL,1,0.0991,18.50,3.74,0,-0.03,0,vix+credit
2018-03-29,STALL,1,0.0808,20.55,3.79,1,-0.03,0,vix+credit
2018-04-06,STALL,1,0.0934,21.65,3.64,1,-0.03,0,vix+credit
2018-04-13,STALL,1,0.0754,20.36,3.38,1,-0.03,0,vix+credit
2018-04-20,STALL,1,0.0706,17.86,3.33,0,-0.03,0,vix+credit
2018-04-27,STALL,1,0.0706,16.41,3.44,0,-0.03,0,vix+credit
2018-05-04,STALL,1,0.0729,16.19,3.49,0,-0.03,0,vix+credit
2018-05-11,STALL,1,0.0505,14.68,3.40,0,0.00,0,vix+credit
2018-05-18,STALL,1,0.0557,13.66,3.41,0,0.00,0,vix+credit
2018-05-25,STALL,1,0.0527,13.25,3.53,0,0.00,0,vix+credit
2018-06-01,BOOM,1,0.0481,13.89,3.55,0,0.00,0,vix+credit
2018-06-08,BOOM,1,0.0327,13.52,3.45,0,0.00,0,vix+credit
2018-06-15,BOOM,1,0.0324,12.28,3.33,0,-0.10,0,vix+credit
2018-06-22,BOOM,1,0.0411,12.86,3.39,0,-0.10,0,vix+credit
2018-06-29,STALL,1,0.0538,15.10,3.61,0,-0.10,0,vix+credit
2018-07-06,BOOM,1,0.0394,15.80,3.74,0,-0.10,0,vix+credit
2018-07-13,BOOM,1,0.0249,13.99,3.62,0,0.00,0,vix+credit
2018-07-20,BOOM,1,0.0247,12.64,3.55,0,0.00,0,vix+credit
2018-07-27,BOOM,1,0.0188,12.52,3.42,0,0.00,0,vix+credit
2018-08-03,BOOM,1,0.0113,12.66,3.43,0,0.00,0,vix+credit
2018-08-10,BOOM,1,0.0138,12.16,3.50,0,-0.07,0,vix+credit
2018-08-17,BOOM,1,0.0079,12.63,3.49,0,-0.07,0,vix+credit
2018-08-24,BOOM,1,0.0000,13.08,3.46,0,-0.07,0,vix+credit
2018-08-31,BOOM,1,0.0043,12.53,3.49,0,-0.07,0,vix+credit
2018-09-07,BOOM,1,0.0145,13.19,3.48,0,-0.07,0,vix+credit
2018-09-14,BOOM,1,0.0031,13.44,3.29,0,0.00,0,vix+credit
2018-09-21,BOOM,1,0.0004,12.67,3.25,0,0.00,0,vix+credit
2018-09-28,BOOM,1,0.0057,12.37,3.24,0,0.00,0,vix+credit
2018-10-05,BOOM,1,0.0154,12.67,3.32,0,0.00,0,vix+credit
2018-10-12,STALL,1,0.0558,16.56,3.54,0,-0.10,0,vix+credit
2018-10-19,STALL,0,0.0556,19.72,3.51,0,-0.10,0,vix+credit
2018-10-26,STALL,0,0.0928,21.02,3.85,1,-0.10,0,vix+credit
2018-11-02,STALL,0,0.0709,22.21,3.72,1,-0.10,0,vix+credit
2018-11-09,STALL,1,0.0511,19.84,3.71,0,-0.10,0,vix+credit
2018-11-16,STALL,0,0.0664,19.01,4.18,0,0.00,0,vix+credit
2018-11-23,DECLINE,0,0.1017,20.21,4.29,1,0.00,0,vix+credit
2018-11-30,STALL,0,0.0582,19.63,4.29,0,0.00,0,vix+credit
2018-12-07,DECLINE,0,0.1016,19.64,4.50,1,0.00,0,vix+credit
2018-12-14,DECLINE,0,0.1129,20.78,4.46,1,0.00,0,vix+credit
2018-12-21,DECLINE,0,0.1754,24.23,5.22,1,0.00,0,vix+credit
2018-12-28,DECLINE,0,0.1518,28.06,5.30,1,0.00,0,vix+credit
2019-01-04,DECLINE,0,0.1361,27.87,5.05,1,0.00,0,vix+credit
2019-01-11,DECLINE,0,0.1141,22.33,4.55,1,0.07,0,vix+credit
2019-01-18,STALL,0,0.0887,19.21,4.27,0,0.07,0,vix+credit
2019-01-25,STALL,0,0.0908,18.74,4.34,0,0.07,0,vix+credit
2019-02-01,STALL,0,0.0765,18.28,4.29,0,0.07,0,vix+credit
2019-02-08,STALL,0,0.0760,16.71,4.32,0,0.07,0,vix+credit
2019-02-15,STALL,1,0.0529,15.69,4.12,0,0.13,0,vix+credit
2019-02-22,BOOM,1,0.0471,15.08,4.05,0,0.13,0,vix+credit
2019-03-01,BOOM,1,0.0434,14.49,3.86,0,0.13,0,vix+credit
2019-03-08,STALL,0,0.0640,15.08,4.18,0,0.13,0,vix+credit
2019-03-15,BOOM,1,0.0369,14.56,3.95,0,0.13,0,vix+credit
2019-03-22,BOOM,1,0.0444,13.86,4.03,0,0.13,0,vix+credit
2019-03-29,BOOM,1,0.0329,14.50,3.99,0,0.13,0,vix+credit
2019-04-05,BOOM,1,0.0130,14.12,3.86,0,0.13,0,vix+credit
2019-04-12,BOOM,1,0.0080,13.27,3.68,0,0.10,0,vix+credit
2019-04-18,BOOM,1,0.0088,12.78,3.73,0,0.10,0,vix+credit
2019-04-26,BOOM,1,0.0000,12.50,3.76,0,0.10,0,vix+credit
2019-05-03,BOOM,1,0.0001,13.21,3.72,0,0.10,0,vix+credit
2019-05-10,BOOM,1,0.0219,15.76,4.01,0,0.10,0,vix+credit
2019-05-17,BOOM,1,0.0293,17.56,4.07,0,0.00,0,vix+credit
2019-05-24,BOOM,1,0.0407,16.51,4.16,0,0.00,0,vix+credit
2019-05-31,STALL,0,0.0658,16.61,4.59,1,0.00,0,vix+credit
2019-06-07,BOOM,1,0.0246,17.14,4.37,0,0.00,0,vix+credit
2019-06-14,BOOM,1,0.0200,16.31,4.23,0,-0.07,0,vix+credit
2019-06-21,BOOM,1,0.0013,15.39,3.95,0,-0.07,0,vix+credit
2019-06-28,BOOM,1,0.0042,15.36,4.07,0,-0.07,0,vix+credit
2019-07-05,BOOM,1,0.0018,14.69,3.98,0,-0.07,0,vix+credit
2019-07-12,BOOM,1,0.0000,13.43,4.02,0,-0.07,0,vix+credit
2019-07-19,BOOM,1,0.0125,13.39,4.07,0,-0.07,0,vix+credit
2019-07-26,BOOM,1,0.0000,13.06,3.89,0,-0.07,0,vix+credit
2019-08-02,BOOM,1,0.0310,14.15,4.19,0,-0.07,0,vix+credit
2019-08-09,BOOM,1,0.0354,17.75,4.31,0,-0.07,0,vix+credit
2019-08-16,BOOM,1,0.0453,19.95,4.47,0,0.00,0,vix+credit
2019-08-23,STALL,1,0.0591,18.71,4.25,0,0.00,0,vix+credit
2019-08-30,BOOM,1,0.0329,18.26,4.09,0,0.00,0,vix+credit
2019-09-06,BOOM,1,0.0156,18.40,4.05,0,0.00,0,vix+credit
2019-09-13,BOOM,1,0.0061,16.03,3.83,0,0.00,0,vix+credit
2019-09-20,BOOM,1,0.0112,14.55,3.81,0,0.00,0,vix+credit
2019-09-27,BOOM,1,0.0212,15.36,3.99,0,0.00,0,vix+credit
2019-10-04,BOOM,1,0.0244,17.27,4.38,0,0.00,0,vix+credit
2019-10-11,BOOM,1,0.0184,18.15,4.10,0,-0.03,0,vix+credit
2019-10-18,BOOM,1,0.0131,15.98,4.02,0,-0.03,0,vix+credit
2019-10-25,BOOM,1,0.0011,13.87,3.89,0,-0.03,0,vix+credit
2019-11-01,BOOM,1,0.0000,13.30,4.09,0,-0.03,0,vix+credit
2019-11-08,BOOM,1,0.0000,12.75,4.00,0,-0.03,0,vix+credit
2019-11-15,BOOM,1,0.0000,12.68,4.06,0,-0.03,0,vix+credit
2019-11-22,BOOM,1,0.0038,12.70,4.13,0,-0.03,0,vix+credit
2019-11-29,BOOM,1,0.0040,12.34,4.01,0,-0.03,0,vix+credit
2019-12-06,BOOM,1,0.0024,13.39,3.89,0,-0.03,0,vix+credit
2019-12-13,BOOM,1,0.0000,14.69,3.71,0,0.00,0,vix+credit
2019-12-20,BOOM,1,0.0000,13.51,3.53,0,0.00,0,vix+credit
2019-12-27,BOOM,1,0.0000,12.60,3.56,0,0.00,0,vix+credit
2020-01-03,BOOM,1,0.0071,13.15,3.61,0,0.00,0,vix+credit
2020-01-10,BOOM,1,0.0029,13.47,3.48,0,0.03,0,vix+credit
2020-01-17,BOOM,1,0.0000,12.77,3.39,0,0.03,0,vix+credit
2020-01-24,BOOM,1,0.0103,12.74,3.68,0,0.03,0,vix+credit
2020-01-31,BOOM,1,0.0313,15.06,4.03,0,0.03,0,vix+credit
2020-02-07,BOOM,1,0.0054,16.48,3.75,0,0.03,0,vix+credit
2020-02-14,BOOM,1,0.0000,15.14,3.56,0,0.03,0,vix+credit
2020-02-21,BOOM,1,0.0143,14.91,3.66,0,0.03,0,vix+credit
2020-02-28,DECLINE,0,0.1276,23.52,5.04,1,0.03,0,vix+credit
2020-03-06,DECLINE,0,0.1222,34.35,5.64,2,0.03,0,vix+credit
2020-03-13,CRISIS,0,0.1994,47.27,7.31,3,0.00,0,vix+credit
2020-03-20,CRISIS,0,0.3193,66.21,10.09,3,0.00,0,vix+credit
2020-03-27,CRISIS,0,0.2495,68.68,8.99,3,0.00,0,vix+credit
2020-04-03,CRISIS,0,0.2651,57.91,9.43,3,0.00,0,vix+credit
2020-04-09,CRISIS,0,0.1761,50.79,7.96,3,0.00,0,vix+credit
2020-04-17,CRISIS,0,0.1511,42.18,7.31,3,0.27,0,vix+credit
2020-04-24,CRISIS,0,0.1623,40.66,8.03,3,0.27,0,vix+credit
2020-05-01,DECLINE,0,0.1640,37.80,7.70,2,0.27,0,vix+credit
2020-05-08,DECLINE,0,0.1348,33.26,7.52,2,0.27,0,vix+credit
2020-05-15,BEAR,0,0.1543,32.35,7.78,2,4.00,1,vix+credit
2020-05-22,BEAR,0,0.1272,30.59,7.06,2,4.00,1,vix+credit
2020-05-29,DECLINE,1,0.1010,28.91,6.71,2,4.00,1,vix+credit
2020-06-05,STALL,1,0.0568,27.10,5.50,1,4.00,1,vix+credit
2020-06-12,DECLINE,1,0.1018,28.89,6.28,2,7.23,1,vix+credit
2020-06-19,STALL,1,0.0852,32.74,6.02,2,7.23,1,vix+credit
2020-06-26,BEAR,0,0.1114,33.35,6.41,2,7.23,1,vix+credit
2020-07-02,STALL,1,0.0756,31.76,6.17,2,7.23,1,vix+credit
2020-07-10,STALL,1,0.0594,29.52,6.14,2,7.23,1,vix+credit
2020-07-17,BOOM,1,0.0477,28.52,5.74,1,9.43,1,vix+credit
2020-07-24,STALL,1,0.0504,26.87,5.29,1,9.43,1,vix+credit
2020-07-31,BOOM,1,0.0340,24.90,5.16,1,9.43,1,vix+credit
2020-08-07,BOOM,1,0.0103,23.94,5.06,1,9.43,1,vix+credit
2020-08-14,BOOM,1,0.0039,22.85,5.26,1,7.90,1,vix+credit
2020-08-21,BOOM,1,0.0000,22.33,5.25,1,7.90,1,vix+credit
2020-08-28,BOOM,1,0.0000,22.58,5.00,1,7.90,1,vix+credit
2020-09-04,BOOM,1,0.0430,25.85,5.13,1,7.90,1,vix+credit
2020-09-11,STALL,1,0.0670,28.33,5.21,1,6.30,1,vix+credit
2020-09-18,STALL,1,0.0730,27.74,5.16,1,6.30,1,vix+credit
2020-09-25,STALL,1,0.0789,26.79,5.64,1,6.30,1,vix+credit
2020-10-02,STALL,1,0.0649,27.13,5.38,1,6.30,1,vix+credit
2020-10-09,BOOM,1,0.0290,27.00,4.92,1,6.30,1,vix+credit
2020-10-16,BOOM,1,0.0271,26.88,4.94,1,5.23,1,vix+credit
2020-10-23,BOOM,1,0.0322,27.48,4.87,1,5.23,1,vix+credit
2020-10-30,STALL,1,0.0868,32.45,5.25,2,5.23,1,vix+credit
2020-11-06,STALL,1,0.0199,33.64,4.67,2,5.23,1,vix+credit
2020-11-13,BOOM,1,0.0000,27.71,4.63,1,4.13,1,vix+credit
2020-11-20,BOOM,1,0.0191,23.83,4.49,1,4.13,1,vix+credit
2020-11-27,BOOM,1,0.0000,22.53,4.35,1,4.13,1,vix+credit
2020-12-04,BOOM,1,0.0000,21.47,4.03,1,4.13,1,vix+credit
2020-12-11,BOOM,1,0.0105,21.47,4.13,1,3.57,1,vix+credit
2020-12-18,BOOM,1,0.0035,22.37,4.03,1,3.57,1,vix+credit
2020-12-24,BOOM,1,0.0052,23.11,4.05,1,3.57,1,vix+credit
2020-12-31,BOOM,1,0.0000,22.80,3.86,1,3.57,1,vix+credit
2021-01-08,BOOM,1,0.0000,23.31,3.76,1,3.57,1,vix+credit
2021-01-15,BOOM,1,0.0148,23.85,3.74,1,3.20,1,vix+credit
2021-01-22,BOOM,1,0.0030,22.68,3.75,1,3.20,1,vix+credit
2021-01-29,BOOM,1,0.0366,25.91,3.79,1,3.20,1,vix+credit
2021-02-05,BOOM,1,0.0000,26.81,3.58,1,3.20,1,vix+credit
2021-02-12,BOOM,1,0.0000,22.74,3.48,1,3.03,1,vix+credit
2021-02-19,BOOM,1,0.0071,21.44,3.41,1,3.03,1,vix+credit
2021-02-26,BOOM,1,0.0314,23.22,3.52,1,3.03,1,vix+credit
2021-03-05,BOOM,1,0.0236,25.21,3.60,1,3.03,1,vix+credit
2021-03-12,BOOM,1,0.0000,24.20,3.55,1,3.03,1,vix+credit
2021-03-19,BOOM,1,0.0154,21.62,3.67,1,2.87,1,vix+credit
2021-03-26,BOOM,1,0.0000,20.06,3.67,1,2.87,1,vix+credit
2021-04-01,BOOM,1,0.0000,19.71,3.67,0,2.87,1,vix+credit
2021-04-09,BOOM,1,0.0000,18.28,,0,2.87,1,VIX-ONLY
2021-04-16,BOOM,1,0.0000,17.02,,0,2.40,1,VIX-ONLY
2021-04-23,BOOM,1,0.0013,17.29,,0,2.40,1,VIX-ONLY
2021-04-30,BOOM,1,0.0072,17.82,,0,2.40,1,VIX-ONLY
2021-05-07,BOOM,1,0.0000,18.07,,0,2.40,1,VIX-ONLY
2021-05-14,BOOM,1,0.0139,20.30,,1,-0.10,0,VIX-ONLY
2021-05-21,BOOM,1,0.0181,21.51,,1,-0.10,0,VIX-ONLY
2021-05-28,BOOM,1,0.0067,19.22,,0,-0.10,0,VIX-ONLY
2021-06-04,BOOM,1,0.0006,17.81,,0,-0.10,0,VIX-ONLY
2021-06-11,BOOM,1,0.0000,16.97,,0,-0.13,0,VIX-ONLY
2021-06-18,BOOM,1,0.0208,17.31,,0,-0.13,0,VIX-ONLY
2021-06-25,BOOM,1,0.0000,17.25,,0,-0.13,0,VIX-ONLY
2021-07-02,BOOM,1,0.0000,16.06,,0,-0.13,0,VIX-ONLY
2021-07-09,BOOM,1,0.0000,16.16,,0,-0.13,0,VIX-ONLY
2021-07-16,BOOM,1,0.0131,16.80,,0,-0.07,0,VIX-ONLY
2021-07-23,BOOM,1,0.0000,18.01,,0,-0.07,0,VIX-ONLY
2021-07-30,BOOM,1,0.0061,18.62,,0,-0.07,0,VIX-ONLY
2021-08-06,BOOM,1,0.0000,18.01,,0,-0.07,0,VIX-ONLY
2021-08-13,BOOM,1,0.0000,16.96,,0,-0.23,0,VIX-ONLY
2021-08-20,BOOM,1,0.0085,17.66,,0,-0.23,0,VIX-ONLY
2021-08-27,BOOM,1,0.0000,18.22,,0,-0.23,0,VIX-ONLY
2021-09-03,BOOM,1,0.0003,16.80,,0,-0.23,0,VIX-ONLY
2021-09-10,BOOM,1,0.0173,17.38,,0,-0.23,0,VIX-ONLY
2021-09-17,BOOM,1,0.0229,18.88,,0,-0.23,0,VIX-ONLY
2021-09-24,BOOM,1,0.0180,20.38,,1,-0.23,0,VIX-ONLY
2021-10-01,BOOM,1,0.0397,21.61,,1,-0.23,0,VIX-ONLY
2021-10-08,BOOM,1,0.0321,21.24,,1,-0.23,0,VIX-ONLY
2021-10-15,BOOM,1,0.0145,19.52,,0,-0.40,0,VIX-ONLY
2021-10-22,BOOM,1,0.0011,16.96,,0,-0.40,0,VIX-ONLY
2021-10-29,BOOM,1,0.0000,15.89,,0,-0.40,0,VIX-ONLY
2021-11-05,BOOM,1,0.0000,16.04,,0,-0.40,0,VIX-ONLY
2021-11-12,BOOM,1,0.0040,16.71,,0,-0.30,0,VIX-ONLY
2021-11-19,BOOM,1,0.0014,17.32,,0,-0.30,0,VIX-ONLY
2021-11-26,BOOM,1,0.0234,18.75,,0,-0.30,0,VIX-ONLY
2021-12-03,BOOM,1,0.0353,24.36,,1,-0.30,0,VIX-ONLY
2021-12-10,BOOM,1,0.0000,24.91,,1,-0.30,0,VIX-ONLY
2021-12-17,BOOM,1,0.0194,21.29,,1,-0.33,0,VIX-ONLY
2021-12-23,BOOM,1,0.0000,20.28,,1,-0.33,0,VIX-ONLY
2021-12-31,BOOM,1,0.0056,18.88,,0,-0.33,0,VIX-ONLY
2022-01-07,BOOM,1,0.0249,17.83,,0,-0.33,0,VIX-ONLY
2022-01-14,BOOM,1,0.0279,18.65,,0,-0.27,0,VIX-ONLY
2022-01-21,STALL,0,0.0831,21.48,,1,-0.27,0,VIX-ONLY
2022-01-28,STALL,0,0.0760,27.14,,1,-0.27,0,VIX-ONLY
2022-02-04,STALL,1,0.0617,26.76,,1,-0.27,0,VIX-ONLY
2022-02-11,STALL,0,0.0788,23.20,,1,-0.17,0,VIX-ONLY
2022-02-18,STALL,0,0.0933,24.97,,1,-0.17,0,VIX-ONLY
2022-02-25,STALL,0,0.0859,27.93,,1,-0.17,0,VIX-ONLY
2022-03-04,DECLINE,0,0.0975,30.22,,2,-0.17,0,VIX-ONLY
2022-03-11,DECLINE,0,0.1235,32.17,,2,-0.17,0,VIX-ONLY
2022-03-18,DECLINE,0,0.0695,30.28,,2,-0.07,0,VIX-ONLY
2022-03-25,STALL,1,0.0529,25.03,,1,-0.07,0,VIX-ONLY
2022-04-01,STALL,1,0.0523,21.06,,1,-0.07,0,VIX-ONLY
2022-04-08,STALL,0,0.0643,20.25,,1,-0.07,0,VIX-ONLY
2022-04-14,STALL,0,0.0842,21.72,,1,-0.07,0,VIX-ONLY
2022-04-22,DECLINE,0,0.1094,22.91,,1,-0.07,0,VIX-ONLY
2022-04-29,DECLINE,0,0.1386,27.03,,1,-0.07,0,VIX-ONLY
2022-05-06,DECLINE,0,0.1404,30.39,,2,-0.07,0,VIX-ONLY
2022-05-13,DECLINE,0,0.1611,30.93,,2,-0.10,0,VIX-ONLY
2022-05-20,DECLINE,0,0.1866,30.43,,2,-0.10,0,VIX-ONLY
2022-05-27,DECLINE,0,0.1331,28.28,,1,-0.10,0,VIX-ONLY
2022-06-03,DECLINE,0,0.1434,27.03,,1,-0.10,0,VIX-ONLY
2022-06-10,DECLINE,0,0.1867,25.40,,1,-0.10,0,VIX-ONLY
2022-06-17,BEAR,0,0.2339,28.73,,1,-0.10,0,VIX-ONLY
2022-06-24,DECLINE,0,0.1845,30.36,,2,-0.10,0,VIX-ONLY
2022-07-01,BEAR,0,0.2025,28.54,,1,-0.10,0,VIX-ONLY
2022-07-08,DECLINE,0,0.1870,27.11,,1,-0.10,0,VIX-ONLY
2022-07-15,DECLINE,0,0.1946,26.26,,1,-0.03,0,VIX-ONLY
2022-07-22,DECLINE,0,0.1741,25.07,,1,-0.03,0,VIX-ONLY
2022-07-29,DECLINE,0,0.1389,23.48,,1,-0.03,0,VIX-ONLY
2022-08-05,DECLINE,0,0.1358,22.63,,1,-0.03,0,VIX-ONLY
2022-08-12,DECLINE,0,0.1077,21.38,,1,-0.07,0,VIX-ONLY
2022-08-19,DECLINE,0,0.1184,20.22,,1,-0.07,0,VIX-ONLY
2022-08-26,DECLINE,0,0.1540,21.78,,1,-0.07,0,VIX-ONLY
2022-09-02,DECLINE,0,0.1819,24.74,,1,-0.07,0,VIX-ONLY
2022-09-09,DECLINE,0,0.1520,25.28,,1,-0.07,0,VIX-ONLY
2022-09-16,DECLINE,0,0.1925,25.33,,1,0.00,0,VIX-ONLY
2022-09-23,BEAR,0,0.2300,26.81,,1,0.00,0,VIX-ONLY
2022-09-30,BEAR,0,0.2525,29.67,,1,0.00,0,VIX-ONLY
2022-10-07,BEAR,0,0.2412,30.81,,2,0.00,0,VIX-ONLY
2022-10-14,BEAR,0,0.2530,31.32,,2,-0.03,0,VIX-ONLY
2022-10-21,BEAR,0,0.2176,31.59,,2,-0.03,0,VIX-ONLY
2022-10-28,DECLINE,0,0.1867,29.10,,1,-0.03,0,VIX-ONLY
2022-11-04,BEAR,0,0.2139,26.61,,1,-0.03,0,VIX-ONLY
2022-11-11,DECLINE,0,0.1675,24.94,,1,0.03,0,VIX-ONLY
2022-11-18,DECLINE,0,0.1733,24.15,,1,0.03,0,VIX-ONLY
2022-11-25,DECLINE,0,0.1606,22.65,,1,0.03,0,VIX-ONLY
2022-12-02,DECLINE,1,0.1511,21.12,,1,0.03,0,VIX-ONLY
2022-12-09,DECLINE,0,0.1797,21.43,,1,0.03,0,VIX-ONLY
2022-12-16,DECLINE,0,0.1968,22.49,,1,0.03,0,VIX-ONLY
2022-12-23,DECLINE,0,0.1984,22.09,,1,0.03,0,VIX-ONLY
2022-12-30,DECLINE,0,0.1995,21.63,,1,0.03,0,VIX-ONLY
2023-01-06,DECLINE,0,0.1759,21.82,,1,0.03,0,VIX-ONLY
2023-01-13,DECLINE,1,0.1424,21.10,,1,0.03,0,VIX-ONLY
2023-01-20,DECLINE,1,0.1423,20.20,,1,0.03,0,VIX-ONLY
2023-01-27,DECLINE,1,0.1211,19.38,,0,0.03,0,VIX-ONLY
2023-02-03,DECLINE,1,0.1069,18.96,,0,0.03,0,VIX-ONLY
2023-02-10,DECLINE,1,0.1168,19.32,,0,0.00,0,VIX-ONLY
2023-02-17,DECLINE,1,0.1193,19.66,,0,0.00,0,VIX-ONLY
2023-02-24,DECLINE,1,0.1428,20.62,,1,0.00,0,VIX-ONLY
2023-03-03,DECLINE,1,0.1265,20.83,,1,0.00,0,VIX-ONLY
2023-03-10,DECLINE,0,0.1663,20.50,,1,0.00,0,VIX-ONLY
2023-03-17,DECLINE,0,0.1544,22.96,,1,0.00,0,VIX-ONLY
2023-03-24,DECLINE,1,0.1426,23.70,,1,0.00,0,VIX-ONLY
2023-03-31,DECLINE,1,0.1033,20.96,,1,0.00,0,VIX-ONLY
2023-04-06,STALL,1,0.0878,19.42,,0,0.00,0,VIX-ONLY
2023-04-14,STALL,1,0.0727,18.58,,0,0.00,0,VIX-ONLY
2023-04-21,STALL,1,0.0592,17.62,,0,0.00,0,VIX-ONLY
2023-04-28,BOOM,1,0.0315,17.15,,0,0.00,0,VIX-ONLY
2023-05-05,BOOM,1,0.0392,17.68,,0,0.00,0,VIX-ONLY
2023-05-12,BOOM,1,0.0421,17.51,,0,-0.03,0,VIX-ONLY
2023-05-19,BOOM,1,0.0263,17.04,,0,-0.03,0,VIX-ONLY
2023-05-26,BOOM,1,0.0232,17.77,,0,-0.03,0,VIX-ONLY
2023-06-02,BOOM,1,0.0053,17.53,,0,-0.03,0,VIX-ONLY
2023-06-09,BOOM,1,0.0015,15.37,,0,-0.03,0,VIX-ONLY
2023-06-16,BOOM,1,0.0037,14.16,,0,0.00,0,VIX-ONLY
2023-06-23,BOOM,1,0.0175,13.88,,0,0.00,0,VIX-ONLY
2023-06-30,BOOM,1,0.0000,13.55,,0,0.00,0,VIX-ONLY
2023-07-07,BOOM,1,0.0127,14.00,,0,0.00,0,VIX-ONLY
2023-07-14,BOOM,1,0.0010,14.20,,0,0.03,0,VIX-ONLY
2023-07-21,BOOM,1,0.0064,13.85,,0,0.03,0,VIX-ONLY
2023-07-28,BOOM,1,0.0000,13.68,,0,0.03,0,VIX-ONLY
2023-08-04,BOOM,1,0.0242,14.54,,0,0.03,0,VIX-ONLY
2023-08-11,BOOM,1,0.0272,15.51,3.83,0,0.07,0,vix+credit
2023-08-18,BOOM,1,0.0478,16.17,4.02,0,0.07,0,vix+credit
2023-08-25,BOOM,1,0.0399,16.62,3.90,0,0.07,0,vix+credit
2023-09-01,BOOM,1,0.0159,15.30,3.81,0,0.07,0,vix+credit
2023-09-08,BOOM,1,0.0286,14.24,3.85,0,0.07,0,vix+credit
2023-09-15,BOOM,1,0.0302,13.79,3.79,0,0.10,0,vix+credit
2023-09-22,STALL,1,0.0586,14.61,3.93,0,0.10,0,vix+credit
2023-09-29,STALL,1,0.0656,16.69,4.03,0,0.10,0,vix+credit
2023-10-06,STALL,1,0.0611,18.08,4.33,0,0.10,0,vix+credit
2023-10-13,STALL,1,0.0569,17.87,4.30,0,0.13,0,vix+credit
2023-10-20,STALL,0,0.0795,18.42,4.52,1,0.13,0,vix+credit
2023-10-27,DECLINE,0,0.1028,19.89,4.53,1,0.13,0,vix+credit
2023-11-03,STALL,1,0.0503,18.68,4.04,0,0.13,0,vix+credit
2023-11-10,BOOM,1,0.0379,15.89,4.03,0,0.27,0,vix+credit
2023-11-17,BOOM,1,0.0163,14.48,3.99,0,0.27,0,vix+credit
2023-11-24,BOOM,1,0.0065,13.75,3.85,0,0.27,0,vix+credit
2023-12-01,BOOM,1,0.0000,12.98,3.87,0,0.27,0,vix+credit
2023-12-08,BOOM,1,0.0000,12.82,3.75,0,0.27,0,vix+credit
2023-12-15,BOOM,1,0.0001,12.60,3.51,0,0.27,0,vix+credit
2023-12-22,BOOM,1,0.0029,12.71,3.39,0,0.27,0,vix+credit
2023-12-29,BOOM,1,0.0028,12.81,3.34,0,0.27,0,vix+credit
2024-01-05,BOOM,1,0.0180,13.17,3.68,0,0.27,0,vix+credit
2024-01-12,BOOM,1,0.0000,13.08,3.56,0,0.30,0,vix+credit
2024-01-19,BOOM,1,0.0000,13.31,3.54,0,0.30,0,vix+credit
2024-01-26,BOOM,1,0.0007,13.44,3.39,0,0.30,0,vix+credit
2024-02-02,BOOM,1,0.0000,13.46,3.47,0,0.30,0,vix+credit
2024-02-09,BOOM,1,0.0000,13.43,3.33,0,0.30,0,vix+credit
2024-02-16,BOOM,1,0.0048,13.77,3.34,0,0.23,0,vix+credit
2024-02-23,BOOM,1,0.0000,14.44,3.23,0,0.23,0,vix+credit
2024-03-01,BOOM,1,0.0000,14.08,3.32,0,0.23,0,vix+credit
2024-03-08,BOOM,1,0.0065,13.91,3.26,0,0.23,0,vix+credit
2024-03-15,BOOM,1,0.0112,14.32,3.16,0,0.30,0,vix+credit
2024-03-22,BOOM,1,0.0014,13.88,3.08,0,0.30,0,vix+credit
2024-03-28,BOOM,1,0.0000,13.38,3.12,0,0.30,0,vix+credit
2024-04-05,BOOM,1,0.0095,14.03,3.18,0,0.30,0,vix+credit
2024-04-12,BOOM,1,0.0249,15.32,3.25,0,0.33,0,vix+credit
2024-04-19,STALL,1,0.0546,17.07,3.37,0,0.33,0,vix+credit
2024-04-26,BOOM,1,0.0294,17.15,3.16,0,0.33,0,vix+credit
2024-05-03,BOOM,1,0.0241,15.29,3.08,0,0.33,0,vix+credit
2024-05-10,BOOM,1,0.0060,13.88,3.12,0,0.33,0,vix+credit
2024-05-17,BOOM,1,0.0009,12.88,3.09,0,0.40,0,vix+credit
2024-05-24,BOOM,1,0.0031,12.49,3.11,0,0.40,0,vix+credit
2024-05-31,BOOM,1,0.0082,12.76,3.20,0,0.40,0,vix+credit
2024-06-07,BOOM,1,0.0013,13.02,3.15,0,0.40,0,vix+credit
2024-06-14,BOOM,1,0.0004,12.59,3.29,0,0.40,0,vix+credit
2024-06-21,BOOM,1,0.0041,12.60,3.21,0,0.40,0,vix+credit
2024-06-28,BOOM,1,0.0048,12.76,3.18,0,0.40,0,vix+credit
2024-07-05,BOOM,1,0.0000,12.54,3.27,0,0.40,0,vix+credit
2024-07-12,BOOM,1,0.0033,12.44,3.19,0,0.43,0,vix+credit
2024-07-19,BOOM,1,0.0286,13.64,3.09,0,0.43,0,vix+credit
2024-07-26,BOOM,1,0.0367,15.58,3.10,0,0.43,0,vix+credit
2024-08-02,STALL,1,0.0566,17.52,3.72,0,0.43,0,vix+credit
2024-08-09,STALL,1,0.0570,23.09,3.49,1,0.43,0,vix+credit
2024-08-16,BOOM,1,0.0199,22.33,3.29,1,0.50,1,vix+credit
2024-08-23,BOOM,1,0.0058,16.53,3.19,0,0.50,1,vix+credit
2024-08-30,BOOM,1,0.0033,15.95,3.13,0,0.50,1,vix+credit
2024-09-06,BOOM,1,0.0457,17.95,3.39,0,0.50,1,vix+credit
2024-09-13,BOOM,1,0.0073,18.92,3.37,0,0.57,1,vix+credit
2024-09-20,BOOM,1,0.0019,17.53,3.15,0,0.57,1,vix+credit
2024-09-27,BOOM,1,0.0013,16.45,3.14,0,0.57,1,vix+credit
2024-10-04,BOOM,1,0.0020,17.36,2.89,0,0.57,1,vix+credit
2024-10-11,BOOM,1,0.0000,20.09,2.98,1,0.53,1,vix+credit
2024-10-18,BOOM,1,0.0000,20.34,2.88,1,0.53,1,vix+credit
2024-10-25,BOOM,1,0.0096,19.23,2.89,0,0.53,1,vix+credit
2024-11-01,BOOM,1,0.0232,19.98,2.83,0,0.53,1,vix+credit
2024-11-08,BOOM,1,0.0000,19.34,2.63,0,0.53,1,vix+credit
2024-11-15,BOOM,1,0.0218,16.30,2.72,0,0.40,0,vix+credit
2024-11-22,BOOM,1,0.0053,15.54,2.61,0,0.40,0,vix+credit
2024-11-29,BOOM,1,0.0000,15.37,2.72,0,0.40,0,vix+credit
2024-12-06,BOOM,1,0.0000,13.80,2.67,0,0.40,0,vix+credit
2024-12-13,BOOM,1,0.0064,13.61,2.68,0,0.40,0,vix+credit
2024-12-20,BOOM,1,0.0262,17.03,2.86,0,0.40,0,vix+credit
2024-12-27,BOOM,1,0.0196,17.62,2.84,0,0.40,0,vix+credit
2025-01-03,BOOM,1,0.0243,17.30,2.81,0,0.40,0,vix+credit
2025-01-10,BOOM,1,0.0432,17.06,2.81,0,0.40,0,vix+credit
2025-01-17,BOOM,1,0.0154,17.38,2.64,0,0.40,0,vix+credit
2025-01-24,BOOM,1,0.0029,16.62,2.60,0,0.40,0,vix+credit
2025-01-31,BOOM,1,0.0128,15.91,2.68,0,0.40,0,vix+credit
2025-02-07,BOOM,1,0.0152,16.68,2.67,0,0.40,0,vix+credit
2025-02-14,BOOM,1,0.0007,16.12,2.62,0,0.37,0,vix+credit
2025-02-21,BOOM,1,0.0213,15.86,2.78,0,0.37,0,vix+credit
2025-02-28,BOOM,1,0.0309,17.75,2.87,0,0.37,0,vix+credit
2025-03-07,STALL,1,0.0609,21.47,2.97,1,0.37,0,vix+credit
2025-03-14,STALL,0,0.0822,24.19,3.25,1,0.30,0,vix+credit
2025-03-21,STALL,0,0.0776,22.66,3.21,1,0.30,0,vix+credit
2025-03-28,STALL,0,0.0917,19.45,3.47,0,0.30,0,vix+credit
2025-04-04,DECLINE,0,0.1742,23.42,4.45,1,0.30,0,vix+credit
2025-04-11,DECLINE,0,0.1271,35.21,4.26,2,0.30,0,vix+credit
2025-04-17,DECLINE,0,0.1402,37.98,4.02,2,0.30,0,vix+credit
2025-04-25,DECLINE,0,0.1007,30.50,3.67,2,0.30,0,vix+credit
2025-05-02,STALL,0,0.0745,26.55,3.60,1,0.30,0,vix+credit
2025-05-09,STALL,0,0.0788,23.76,3.53,1,0.30,0,vix+credit
2025-05-16,BOOM,1,0.0302,20.66,3.16,1,0.30,0,vix+credit
2025-05-23,STALL,1,0.0556,19.00,3.40,0,0.30,0,vix+credit
2025-05-30,BOOM,1,0.0378,19.29,3.31,0,0.30,0,vix+credit
2025-06-06,BOOM,1,0.0234,18.72,3.09,0,0.30,0,vix+credit
2025-06-13,BOOM,1,0.0272,17.91,3.18,0,0.33,0,vix+credit
2025-06-20,BOOM,1,0.0287,18.85,3.13,0,0.33,0,vix+credit
2025-06-27,BOOM,1,0.0000,18.93,3.02,0,0.33,0,vix+credit
2025-07-03,BOOM,1,0.0000,17.42,2.80,0,0.33,0,vix+credit
2025-07-11,BOOM,1,0.0033,16.56,2.97,0,0.23,0,vix+credit
2025-07-18,BOOM,1,0.0001,16.74,2.93,0,0.23,0,vix+credit
2025-07-25,BOOM,1,0.0000,16.35,2.84,0,0.23,0,vix+credit
2025-08-01,BOOM,1,0.0238,16.24,3.13,0,0.23,0,vix+credit
2025-08-08,BOOM,1,0.0001,16.74,2.94,0,0.23,0,vix+credit
2025-08-15,BOOM,1,0.0029,15.93,2.88,0,0.17,0,vix+credit
2025-08-22,BOOM,1,0.0003,15.25,2.88,0,0.17,0,vix+credit
2025-08-29,BOOM,1,0.0064,15.11,2.82,0,0.17,0,vix+credit
2025-09-05,BOOM,1,0.0032,15.23,2.83,0,0.17,0,vix+credit
2025-09-12,BOOM,1,0.0005,15.43,2.79,0,0.13,0,vix+credit
2025-09-19,BOOM,1,0.0000,15.39,2.72,0,0.13,0,vix+credit
2025-09-26,BOOM,1,0.0075,15.99,2.75,0,0.13,0,vix+credit
2025-10-03,BOOM,1,0.0000,16.29,2.80,0,0.13,0,vix+credit
2025-10-10,BOOM,1,0.0298,17.00,3.18,0,0.13,0,vix+credit
2025-10-17,BOOM,1,0.0133,19.46,3.04,0,0.23,0,vix+credit
2025-10-24,BOOM,1,0.0000,19.49,2.88,0,0.23,0,vix+credit
2025-10-31,BOOM,1,0.0074,17.19,2.94,0,0.23,0,vix+credit
2025-11-07,BOOM,1,0.0235,17.62,3.15,0,0.23,0,vix+credit
2025-11-14,BOOM,1,0.0228,18.50,3.07,0,0.23,0,vix+credit
2025-11-21,BOOM,1,0.0418,21.28,3.19,1,0.23,0,vix+credit
2025-11-28,BOOM,1,0.0061,21.30,2.95,1,0.23,0,vix+credit
2025-12-05,BOOM,1,0.0030,17.72,2.85,0,0.23,0,vix+credit
2025-12-12,BOOM,1,0.0107,16.11,2.91,0,0.30,0,vix+credit
2025-12-19,BOOM,1,0.0096,16.23,2.90,0,0.30,0,vix+credit
2025-12-26,BOOM,1,0.0003,15.33,2.86,0,0.30,0,vix+credit
2026-01-02,BOOM,1,0.0106,14.49,2.83,0,0.30,0,vix+credit
2026-01-09,BOOM,1,0.0000,14.66,2.74,0,0.30,0,vix+credit
2026-01-16,BOOM,1,0.0053,15.45,2.65,0,0.33,0,vix+credit
2026-01-23,BOOM,1,0.0088,16.28,2.68,0,0.33,0,vix+credit
2026-01-30,BOOM,1,0.0057,16.77,2.80,0,0.33,0,vix+credit
2026-02-06,BOOM,1,0.0066,17.83,2.87,0,0.33,0,vix+credit
2026-02-13,BOOM,1,0.0204,18.93,2.95,0,0.30,0,vix+credit
2026-02-20,BOOM,1,0.0099,19.38,2.86,0,0.30,0,vix+credit
2026-02-27,BOOM,1,0.0143,19.68,3.10,0,0.30,0,vix+credit
2026-03-06,BOOM,1,0.0342,21.64,3.13,1,0.30,0,vix+credit
2026-03-13,BOOM,1,0.0496,24.85,3.28,1,0.27,0,vix+credit
2026-03-20,STALL,0,0.0677,25.10,3.24,1,0.27,0,vix+credit
2026-03-27,STALL,0,0.0874,25.87,3.42,1,0.27,0,vix+credit
2026-04-02,STALL,0,0.0567,26.80,3.17,1,0.27,0,vix+credit
2026-04-10,BOOM,1,0.0232,24.50,2.94,1,0.23,0,vix+credit
2026-04-17,BOOM,1,0.0000,20.08,2.83,1,0.23,0,vix+credit
2026-04-24,BOOM,1,0.0000,18.64,2.86,0,0.23,0,vix+credit
2026-05-01,BOOM,1,0.0000,18.38,2.77,0,0.23,0,vix+credit
2026-05-08,BOOM,1,0.0000,17.59,2.81,0,0.23,0,vix+credit
2026-05-15,BOOM,1,0.0124,17.73,2.80,0,0.20,0,vix+credit
2026-05-22,BOOM,1,0.0037,17.67,2.74,0,0.20,0,vix+credit
2026-05-29,BOOM,1,0.0000,16.77,2.72,0,0.20,0,vix+credit
2026-06-05,BOOM,1,0.0297,16.57,2.76,0,0.20,0,vix+credit
2026-06-12,BOOM,1,0.0234,18.29,2.71,0,0.10,0,vix+credit
2026-06-18,BOOM,1,0.0143,18.71,2.66,0,0.10,0,vix+credit
2026-06-26,BOOM,1,0.0336,17.78,2.83,0,0.10,0,vix+credit
2026-07-02,BOOM,1,0.0166,17.59,2.75,0,0.10,0,vix+credit
2026-07-10,BOOM,1,0.0045,16.47,2.69,0,0.10,0,vix+credit
2026-07-17,BOOM,1,0.0200,16.43,2.73,0,0.07,0,vix+credit
2026-07-24,BOOM,1,0.0260,17.44,2.79,0,0.07,0,vix+credit
2026-07-31,BOOM,1,0.0158,18.02,2.85,0,0.07,0,vix+credit
2026-08-07,BOOM,1,0.0000,16.88,2.70,0,0.07,0,vix+credit
